Arch_ID,Config,Val_Loss,C2_w,C2_d,C2_idx,C3_w,C3_d,C3_idx,C4_w,C4_d,C4_idx,C5_w,C5_d,C5_idx
702,"[18, 41, 47, 39]",0.9143179544696102,40,3,18,88,2,41,96,4,47,80,4,39
350,"[25, 37, 35, 35]",0.9153362696553454,56,2,25,80,2,37,72,4,35,72,4,35
240,"[21, 30, 51, 31]",0.9156398751117565,48,2,21,64,3,30,104,4,51,64,4,31
76,"[25, 37, 35, 31]",0.917505501229086,56,2,25,80,2,37,72,4,35,64,4,31
683,"[25, 34, 45, 35]",0.9175842242476381,56,2,25,72,3,34,96,2,45,72,4,35
568,"[17, 38, 51, 50]",0.918800284833084,40,2,17,80,3,38,104,4,51,104,3,50
946,"[17, 53, 46, 51]",0.9207525908211132,40,2,17,112,2,53,96,3,46,104,4,51
290,"[22, 19, 50, 39]",0.9209608111852481,48,3,22,40,4,19,104,3,50,80,4,39
545,"[21, 53, 34, 35]",0.9223931365542941,48,2,21,112,2,53,72,3,34,72,4,35
779,"[25, 27, 57, 27]",0.9308807511388519,56,2,25,56,4,27,120,2,57,56,4,27
85,"[22, 21, 42, 46]",0.9318238599800769,48,3,22,48,2,21,88,3,42,96,3,46
133,"[32, 34, 50, 35]",0.9341403268001698,72,1,32,72,3,34,104,3,50,72,4,35
611,"[18, 22, 51, 34]",0.9343588882022433,40,3,18,48,3,22,104,4,51,72,3,34
506,"[25, 45, 21, 51]",0.9346644260265209,56,2,25,96,2,45,48,2,21,104,4,51
26,"[25, 31, 36, 55]",0.9363037965915821,56,2,25,64,4,31,80,1,36,112,4,55
115,"[21, 34, 39, 33]",0.937743267895263,48,2,21,72,3,34,80,4,39,72,2,33
957,"[32, 38, 27, 47]",0.9382483017297438,72,1,32,80,3,38,56,4,27,96,4,47
128,"[21, 37, 29, 55]",0.9396375226385799,48,2,21,80,2,37,64,2,29,112,4,55
339,"[21, 31, 43, 10]",0.9400931236184673,48,2,21,64,4,31,88,4,43,24,3,10
221,"[22, 28, 54, 47]",0.9412789984985634,48,3,22,64,1,28,112,3,54,96,4,47
764,"[21, 30, 41, 34]",0.9422035379174315,48,2,21,64,3,30,88,2,41,72,3,34
772,"[29, 27, 20, 43]",0.9434570765789644,64,2,29,56,4,27,48,1,20,88,4,43
614,"[17, 21, 55, 51]",0.9436337727087515,40,2,17,48,2,21,112,4,55,104,4,51
100,"[17, 42, 38, 14]",0.9439429199254071,40,2,17,88,3,42,80,3,38,32,3,14
559,"[28, 45, 35, 51]",0.9447973282248886,64,1,28,96,2,45,72,4,35,104,4,51
223,"[22, 15, 26, 55]",0.9450984332296584,48,3,22,32,4,15,56,3,26,112,4,55
897,"[19, 18, 34, 50]",0.9461406719537429,40,4,19,40,3,18,72,3,34,104,3,50
774,"[17, 49, 31, 26]",0.9470817630673632,40,2,17,104,2,49,64,4,31,56,3,26
121,"[14, 34, 33, 51]",0.9475425084431967,32,3,14,72,3,34,72,2,33,104,4,51
832,"[20, 46, 57, 51]",0.9478941817342499,48,1,20,96,3,46,120,2,57,104,4,51
923,"[40, 34, 29, 39]",0.9481010216253775,88,1,40,72,3,34,64,2,29,80,4,39
575,"[14, 38, 34, 19]",0.9484175958751161,32,3,14,80,3,38,72,3,34,40,4,19
30,"[17, 49, 47, 57]",0.9489147736702437,40,2,17,104,2,49,96,4,47,120,2,57
893,"[15, 34, 27, 27]",0.9493643641471863,32,4,15,72,3,34,56,4,27,56,4,27
894,"[18, 44, 50, 51]",0.9500442765377186,40,3,18,96,1,44,104,3,50,104,4,51
820,"[11, 34, 59, 39]",0.9505365395251616,24,4,11,72,3,34,120,4,59,80,4,39
755,"[17, 53, 47, 45]",0.9505367463017688,40,2,17,112,2,53,96,4,47,96,2,45
745,"[40, 26, 47, 19]",0.9518543776170707,88,1,40,56,3,26,96,4,47,40,4,19
200,"[17, 38, 39, 7]",0.9520073452113588,40,2,17,80,3,38,80,4,39,16,4,7
677,"[16, 35, 47, 43]",0.9520252538316044,40,1,16,72,4,35,96,4,47,88,4,43
878,"[44, 34, 22, 31]",0.9526386717219412,96,1,44,72,3,34,48,3,22,64,4,31
470,"[25, 26, 15, 58]",0.9527938704431793,56,2,25,56,3,26,32,4,15,120,3,58
32,"[25, 52, 43, 38]",0.9530039679856948,56,2,25,112,1,52,88,4,43,80,3,38
669,"[40, 29, 58, 31]",0.9532355261437687,88,1,40,64,2,29,120,3,58,64,4,31
141,"[36, 35, 25, 31]",0.9534323715869292,80,1,36,72,4,35,56,2,25,64,4,31
824,"[29, 22, 10, 59]",0.9540442059069504,64,2,29,48,3,22,24,3,10,120,4,59
768,"[19, 14, 26, 55]",0.9548412259714103,40,4,19,32,3,14,56,3,26,112,4,55
690,"[10, 43, 34, 42]",0.9551826590373192,24,3,10,88,4,43,72,3,34,88,3,42
439,"[32, 23, 31, 47]",0.955644597241908,72,1,32,48,4,23,64,4,31,96,4,47
283,"[13, 33, 54, 54]",0.955732156465083,32,2,13,72,2,33,112,3,54,112,3,54
203,"[29, 19, 34, 49]",0.9559170574317744,64,2,29,40,4,19,72,3,34,104,2,49
899,"[24, 38, 53, 31]",0.9562933415542414,56,1,24,80,3,38,112,2,53,64,4,31
462,"[15, 29, 46, 23]",0.956335167090098,32,4,15,64,2,29,96,3,46,48,4,23
248,"[21, 30, 32, 47]",0.9564410573170509,48,2,21,64,3,30,72,1,32,96,4,47
958,"[14, 31, 51, 41]",0.9567935797903273,32,3,14,64,4,31,104,4,51,88,2,41
534,"[18, 40, 51, 42]",0.9575578769048055,40,3,18,88,1,40,104,4,51,88,3,42
333,"[14, 45, 49, 54]",0.957634891256874,32,3,14,96,2,45,104,2,49,112,3,54
967,"[52, 18, 38, 47]",0.9578312628063155,112,1,52,40,3,18,80,3,38,96,4,47
87,"[17, 26, 38, 15]",0.958342906869488,40,2,17,56,3,26,80,3,38,32,4,15
827,"[33, 24, 38, 26]",0.958667395291505,72,2,33,56,1,24,80,3,38,56,3,26
816,"[21, 23, 18, 23]",0.9587656200667958,48,2,21,48,4,23,40,3,18,48,4,23
309,"[14, 30, 43, 53]",0.9588932549511945,32,3,14,64,3,30,88,4,43,112,2,53
280,"[29, 14, 15, 51]",0.9592340169129548,64,2,29,32,3,14,32,4,15,104,4,51
67,"[40, 41, 33, 35]",0.959639408706147,88,1,40,88,2,41,72,2,33,72,4,35
802,"[17, 38, 30, 57]",0.9598302399670636,40,2,17,80,3,38,64,3,30,120,2,57
762,"[14, 53, 47, 33]",0.9605254170335369,32,3,14,112,2,53,96,4,47,72,2,33
40,"[36, 29, 39, 23]",0.9606357231552218,80,1,36,64,2,29,80,4,39,48,4,23
20,"[14, 38, 49, 22]",0.9608253593798037,32,3,14,80,3,38,104,2,49,48,3,22
961,"[33, 15, 22, 19]",0.9609058992362317,72,2,33,32,4,15,48,3,22,40,4,19
966,"[29, 23, 37, 14]",0.9613316147415726,64,2,29,48,4,23,80,2,37,32,3,14
497,"[14, 45, 51, 25]",0.961571748609896,32,3,14,96,2,45,104,4,51,56,2,25
481,"[22, 36, 38, 30]",0.9620383065423848,48,3,22,80,1,36,80,3,38,64,3,30
592,"[17, 35, 10, 47]",0.9621718709851489,40,2,17,72,4,35,24,3,10,96,4,47
857,"[24, 42, 38, 15]",0.9622908867435691,56,1,24,88,3,42,80,3,38,32,4,15
502,"[13, 57, 57, 35]",0.9623216611367685,32,2,13,120,2,57,120,2,57,72,4,35
837,"[33, 32, 22, 47]",0.9623743244159368,72,2,33,72,1,32,48,3,22,96,4,47
596,"[29, 48, 41, 31]",0.9626142331111578,64,2,29,104,1,48,88,2,41,64,4,31
105,"[44, 30, 45, 38]",0.9631246298919489,96,1,44,64,3,30,96,2,45,80,3,38
414,"[14, 38, 42, 29]",0.9632358315550251,32,3,14,80,3,38,88,3,42,64,2,29
370,"[33, 15, 17, 46]",0.9632899864220325,72,2,33,32,4,15,40,2,17,96,3,46
558,"[10, 33, 55, 42]",0.9633351439311181,24,3,10,72,2,33,112,4,55,88,3,42
664,"[44, 19, 34, 43]",0.9636461462503598,96,1,44,40,4,19,72,3,34,88,4,43
63,"[25, 37, 11, 35]",0.9641934846654351,56,2,25,80,2,37,24,4,11,72,4,35
518,"[12, 42, 58, 27]",0.9642767920906161,32,1,12,88,3,42,120,3,58,56,4,27
47,"[15, 27, 42, 15]",0.9647299066001986,32,4,15,56,4,27,88,3,42,32,4,15
57,"[10, 49, 55, 22]",0.9648211223107798,24,3,10,104,2,49,112,4,55,48,3,22
548,"[32, 22, 58, 38]",0.9651036976296224,72,1,32,48,3,22,120,3,58,80,3,38
346,"[14, 45, 18, 31]",0.9652466325112331,32,3,14,96,2,45,40,3,18,64,4,31
187,"[17, 38, 24, 55]",0.9654193071671474,40,2,17,80,3,38,56,1,24,112,4,55
692,"[36, 37, 37, 35]",0.9654830355703095,80,1,36,80,2,37,80,2,37,72,4,35
150,"[22, 26, 11, 46]",0.9655421413021323,48,3,22,56,3,26,24,4,11,96,3,46
157,"[48, 23, 26, 58]",0.9664943313892976,104,1,48,48,4,23,56,3,26,120,3,58
567,"[18, 53, 9, 47]",0.9667599672152672,40,3,18,112,2,53,24,2,9,96,4,47
205,"[21, 44, 38, 58]",0.9670500630213891,48,2,21,96,1,44,80,3,38,120,3,58
384,"[11, 57, 53, 55]",0.9672036156242276,24,4,11,120,2,57,112,2,53,112,4,55
429,"[15, 31, 13, 39]",0.9675638300401194,32,4,15,64,4,31,32,2,13,80,4,39
759,"[13, 34, 33, 42]",0.9678554969069398,32,2,13,72,3,34,72,2,33,88,3,42
531,"[20, 50, 46, 11]",0.9678643360550021,48,1,20,104,3,50,96,3,46,24,4,11
185,"[12, 38, 50, 27]",0.9681234219927847,32,1,12,80,3,38,104,3,50,56,4,27
46,"[19, 19, 47, 6]",0.9682170064361008,40,4,19,40,4,19,96,4,47,16,3,6
913,"[40, 22, 38, 26]",0.9683808301701958,88,1,40,48,3,22,80,3,38,56,3,26
851,"[15, 31, 25, 38]",0.9684576016885263,32,4,15,64,4,31,56,2,25,80,3,38
904,"[10, 57, 41, 51]",0.9690233689767344,24,3,10,120,2,57,88,2,41,104,4,51
861,"[18, 30, 20, 55]",0.9690806262287093,40,3,18,64,3,30,48,1,20,112,4,55
11,"[21, 35, 25, 45]",0.9692581266532709,48,2,21,72,4,35,56,2,25,96,2,45
354,"[17, 37, 25, 58]",0.9696495709595857,40,2,17,80,2,37,56,2,25,120,3,58
811,"[32, 38, 50, 6]",0.9697173267234991,72,1,32,80,3,38,104,3,50,16,3,6
789,"[32, 57, 25, 47]",0.9698156604060421,72,1,32,120,2,57,56,2,25,96,4,47
73,"[15, 22, 21, 47]",0.969950513339337,32,4,15,48,3,22,48,2,21,96,4,47
342,"[11, 30, 39, 42]",0.97022001169346,24,4,11,64,3,30,80,4,39,88,3,42
23,"[24, 23, 55, 38]",0.9708858080852178,56,1,24,48,4,23,112,4,55,80,3,38
197,"[28, 39, 13, 58]",0.9711260810310458,64,1,28,80,4,39,32,2,13,120,3,58
619,"[19, 22, 34, 21]",0.9717629294336578,40,4,19,48,3,22,72,3,34,48,2,21
58,"[11, 30, 47, 19]",0.9718202205351841,24,4,11,64,3,30,96,4,47,40,4,19
805,"[12, 46, 35, 19]",0.9724421898523966,32,1,12,96,3,46,72,4,35,40,4,19
868,"[19, 14, 33, 31]",0.9727258888291724,40,4,19,32,3,14,72,2,33,64,4,31
311,"[21, 26, 41, 11]",0.9729403698885882,48,2,21,56,3,26,88,2,41,24,4,11
714,"[10, 30, 39, 22]",0.9730083537690434,24,3,10,64,3,30,80,4,39,48,3,22
775,"[29, 26, 29, 29]",0.9730681666621456,64,2,29,56,3,26,64,2,29,64,2,29
0,"[10, 43, 46, 37]",0.9732505303842051,24,3,10,88,4,43,96,3,46,80,2,37
376,"[18, 18, 48, 51]",0.9736659313425605,40,3,18,40,3,18,104,1,48,104,4,51
237,"[25, 34, 14, 37]",0.9736852682667014,56,2,25,72,3,34,32,3,14,80,2,37
978,"[19, 27, 22, 45]",0.9737310880496178,40,4,19,56,4,27,48,3,22,96,2,45
503,"[25, 56, 43, 45]",0.9737610897900145,56,2,25,120,1,56,88,4,43,96,2,45
769,"[10, 30, 50, 22]",0.9739026920295056,24,3,10,64,3,30,104,3,50,48,3,22
844,"[16, 46, 54, 37]",0.9743584203131405,40,1,16,96,3,46,112,3,54,80,2,37
529,"[15, 17, 46, 38]",0.9745211196534428,32,4,15,40,2,17,96,3,46,80,3,38
189,"[21, 38, 6, 23]",0.9747639327873419,48,2,21,80,3,38,16,3,6,48,4,23
542,"[22, 44, 50, 49]",0.9748146033581392,48,3,22,96,1,44,104,3,50,104,2,49
253,"[16, 47, 25, 42]",0.9748794436454773,40,1,16,96,4,47,56,2,25,88,3,42
308,"[22, 30, 5, 46]",0.9749889704916213,48,3,22,64,3,30,16,2,5,96,3,46
209,"[7, 46, 55, 50]",0.9749904679663387,16,4,7,96,3,46,112,4,55,104,3,50
403,"[25, 30, 32, 26]",0.9750526304598208,56,2,25,64,3,30,72,1,32,56,3,26
530,"[24, 46, 14, 23]",0.9751122807279046,56,1,24,96,3,46,32,3,14,48,4,23
231,"[21, 39, 2, 39]",0.9751474106753314,48,2,21,80,4,39,8,3,2,80,4,39
948,"[36, 42, 22, 57]",0.9756595153867462,80,1,36,88,3,42,48,3,22,120,2,57
583,"[22, 8, 47, 35]",0.9758515733259695,48,3,22,24,1,8,96,4,47,72,4,35
577,"[29, 52, 18, 39]",0.975932608416051,64,2,29,112,1,52,40,3,18,80,4,39
421,"[13, 41, 35, 11]",0.9759569565455118,32,2,13,88,2,41,72,4,35,24,4,11
132,"[33, 11, 38, 11]",0.9762655776224018,72,2,33,24,4,11,80,3,38,24,4,11
328,"[22, 15, 14, 38]",0.9763710395789441,48,3,22,32,4,15,32,3,14,80,3,38
585,"[40, 38, 13, 34]",0.976373055834829,88,1,40,80,3,38,32,2,13,72,3,34
748,"[40, 22, 21, 47]",0.9764475881317516,88,1,40,48,3,22,48,2,21,96,4,47
68,"[16, 38, 23, 31]",0.9766799903210298,40,1,16,80,3,38,48,4,23,64,4,31
752,"[10, 50, 10, 43]",0.9768014160203345,24,3,10,104,3,50,24,3,10,88,4,43
624,"[32, 38, 23, 53]",0.9769456644117096,72,1,32,80,3,38,48,4,23,112,2,53
876,"[36, 37, 50, 33]",0.977103039070412,80,1,36,80,2,37,104,3,50,72,2,33
388,"[24, 50, 16, 51]",0.9772191592204718,56,1,24,104,3,50,40,1,16,104,4,51
492,"[24, 34, 22, 42]",0.9772429370585783,56,1,24,72,3,34,48,3,22,88,3,42
324,"[9, 46, 37, 23]",0.9773308090221735,24,2,9,96,3,46,80,2,37,48,4,23
307,"[19, 22, 42, 9]",0.9774438275231255,40,4,19,48,3,22,88,3,42,24,2,9
16,"[16, 46, 13, 43]",0.9776575513827948,40,1,16,96,3,46,32,2,13,88,4,43
147,"[25, 33, 32, 35]",0.9780848291185167,56,2,25,72,2,33,72,1,32,72,4,35
629,"[21, 41, 47, 24]",0.9782229441183584,48,2,21,88,2,41,96,4,47,56,1,24
938,"[14, 18, 55, 45]",0.9792186684078641,32,3,14,40,3,18,112,4,55,96,2,45
601,"[23, 17, 10, 55]",0.9792890960787549,48,4,23,40,2,17,24,3,10,112,4,55
688,"[15, 35, 35, 5]",0.9795547539805188,32,4,15,72,4,35,72,4,35,16,2,5
99,"[18, 38, 7, 34]",0.9795806349059681,40,3,18,80,3,38,16,4,7,72,3,34
418,"[21, 41, 34, 2]",0.979638186501868,48,2,21,88,2,41,72,3,34,8,3,2
467,"[20, 42, 33, 26]",0.9800693885779675,48,1,20,88,3,42,72,2,33,56,3,26
750,"[15, 20, 54, 47]",0.9800866231506253,32,4,15,48,1,20,112,3,54,96,4,47
181,"[12, 42, 47, 45]",0.9809950362017126,32,1,12,88,3,42,96,4,47,96,2,45
584,"[25, 37, 57, 21]",0.9814152511549584,56,2,25,80,2,37,120,2,57,48,2,21
356,"[40, 19, 51, 33]",0.9815747973359661,88,1,40,40,4,19,104,4,51,72,2,33
776,"[18, 21, 22, 22]",0.9815773846190653,40,3,18,48,2,21,48,3,22,48,3,22
881,"[18, 49, 19, 33]",0.9817007706489091,40,3,18,104,2,49,40,4,19,72,2,33
549,"[40, 18, 51, 53]",0.9821900850460853,88,1,40,40,3,18,104,4,51,112,2,53
872,"[22, 56, 29, 50]",0.9823870945859838,48,3,22,120,1,56,64,2,29,104,3,50
977,"[48, 23, 44, 51]",0.9826900164286295,104,1,48,48,4,23,96,1,44,104,4,51
391,"[19, 52, 41, 46]",0.9828993369031835,40,4,19,112,1,52,88,2,41,96,3,46
194,"[28, 34, 39, 5]",0.9829941090242362,64,1,28,72,3,34,80,4,39,16,2,5
441,"[8, 43, 39, 43]",0.9833291585062757,24,1,8,88,4,43,80,4,39,88,4,43
397,"[44, 14, 58, 31]",0.9843352746080469,96,1,44,32,3,14,120,3,58,64,4,31
662,"[25, 26, 36, 19]",0.9843839318663986,56,2,25,56,3,26,80,1,36,40,4,19
267,"[9, 39, 48, 47]",0.9844131388781984,24,2,9,80,4,39,104,1,48,96,4,47
699,"[7, 31, 55, 51]",0.9851104742215003,16,4,7,64,4,31,112,4,55,104,4,51
224,"[9, 39, 46, 33]",0.9852246016631891,24,2,9,80,4,39,96,3,46,72,2,33
886,"[15, 20, 43, 54]",0.9855088260438707,32,4,15,48,1,20,88,4,43,112,3,54
767,"[18, 9, 27, 59]",0.9856676003079355,40,3,18,24,2,9,56,4,27,120,4,59
587,"[40, 19, 38, 18]",0.9862976721775385,88,1,40,40,4,19,80,3,38,40,3,18
326,"[28, 46, 36, 23]",0.9866951181564803,64,1,28,96,3,46,80,1,36,48,4,23
731,"[25, 11, 22, 43]",0.9867659836639593,56,2,25,24,4,11,48,3,22,88,4,43
512,"[28, 46, 13, 22]",0.9869157826458966,64,1,28,96,3,46,32,2,13,48,3,22
405,"[18, 19, 23, 10]",0.9869227917106064,40,3,18,40,4,19,48,4,23,24,3,10
380,"[10, 29, 59, 15]",0.9870882394873066,24,3,10,64,2,29,120,4,59,32,4,15
260,"[25, 44, 22, 35]",0.9873633620179729,56,2,25,96,1,44,48,3,22,72,4,35
999,"[7, 47, 29, 59]",0.9874229615117297,16,4,7,96,4,47,64,2,29,120,4,59
605,"[24, 57, 29, 46]",0.9874527189466689,56,1,24,120,2,57,64,2,29,96,3,46
242,"[22, 12, 26, 47]",0.9874923258651922,48,3,22,32,1,12,56,3,26,96,4,47
304,"[48, 18, 22, 46]",0.9878174802403391,104,1,48,40,3,18,48,3,22,96,3,46
436,"[44, 23, 56, 39]",0.987896203994751,96,1,44,48,4,23,120,1,56,80,4,39
972,"[12, 50, 35, 29]",0.9881304244936249,32,1,12,104,3,50,72,4,35,64,2,29
448,"[22, 48, 31, 7]",0.9882082917072155,48,3,22,104,1,48,64,4,31,16,4,7
56,"[14, 38, 55, 48]",0.988284648200612,32,3,14,80,3,38,112,4,55,104,1,48
274,"[12, 50, 31, 57]",0.988359750053029,32,1,12,104,3,50,64,4,31,120,2,57
464,"[12, 50, 54, 25]",0.9884432370280042,32,1,12,104,3,50,112,3,54,56,2,25
318,"[16, 42, 45, 15]",0.9885610496556317,40,1,16,88,3,42,96,2,45,32,4,15
698,"[12, 49, 57, 51]",0.9886464020352305,32,1,12,104,2,49,120,2,57,104,4,51
794,"[24, 46, 29, 14]",0.9886472674063694,56,1,24,96,3,46,64,2,29,32,3,14
41,"[29, 9, 19, 43]",0.9889409012264676,64,2,29,24,2,9,40,4,19,88,4,43
901,"[9, 50, 52, 35]",0.9889597583700109,24,2,9,104,3,50,112,1,52,72,4,35
243,"[10, 26, 55, 29]",0.9890496892693602,24,3,10,56,3,26,112,4,55,64,2,29
763,"[33, 11, 48, 43]",0.9890547181353156,72,2,33,24,4,11,104,1,48,88,4,43
302,"[15, 42, 7, 42]",0.9891894702558164,32,4,15,88,3,42,16,4,7,88,3,42
613,"[21, 17, 51, 2]",0.9892850864080736,48,2,21,40,2,17,104,4,51,8,3,2
337,"[14, 38, 33, 37]",0.9893675836516015,32,3,14,80,3,38,72,2,33,80,2,37
522,"[13, 29, 51, 17]",0.9893846725240166,32,2,13,64,2,29,104,4,51,40,2,17
994,"[16, 42, 41, 18]",0.9893922555593797,40,1,16,88,3,42,88,2,41,40,3,18
177,"[15, 18, 43, 6]",0.9902325736151801,32,4,15,40,3,18,88,4,43,16,3,6
620,"[40, 35, 15, 41]",0.9902493593133526,88,1,40,72,4,35,32,4,15,88,2,41
263,"[29, 44, 14, 31]",0.9907764814518116,64,2,29,96,1,44,32,3,14,64,4,31
79,"[32, 45, 27, 41]",0.9909012523698218,72,1,32,96,2,45,56,4,27,88,2,41
174,"[10, 57, 39, 21]",0.9909513121769752,24,3,10,120,2,57,80,4,39,48,2,21
172,"[40, 19, 46, 57]",0.9909765771877619,88,1,40,40,4,19,96,3,46,120,2,57
760,"[40, 29, 19, 38]",0.9914895362324185,88,1,40,64,2,29,40,4,19,80,3,38
615,"[12, 54, 14, 54]",0.9915370499646222,32,1,12,112,3,54,32,3,14,112,3,54
941,"[28, 34, 40, 27]",0.9920772211051282,64,1,28,72,3,34,88,1,40,56,4,27
130,"[18, 19, 31, 5]",0.9922914387267313,40,3,18,40,4,19,64,4,31,16,2,5
888,"[24, 45, 33, 26]",0.9927117383038556,56,1,24,96,2,45,72,2,33,56,3,26
160,"[25, 34, 32, 11]",0.9928821994934554,56,2,25,72,3,34,72,1,32,24,4,11
799,"[20, 53, 46, 37]",0.9931350460758915,48,1,20,112,2,53,96,3,46,80,2,37
953,"[16, 37, 55, 45]",0.9932411644193861,40,1,16,80,2,37,112,4,55,96,2,45
733,"[14, 29, 47, 5]",0.9932878341203855,32,3,14,64,2,29,96,4,47,16,2,5
855,"[15, 31, 52, 26]",0.9935769512329573,32,4,15,64,4,31,112,1,52,56,3,26
842,"[33, 5, 30, 27]",0.9938136324470426,72,2,33,16,2,5,64,3,30,56,4,27
852,"[44, 21, 54, 11]",0.9938414464762182,96,1,44,48,2,21,112,3,54,24,4,11
306,"[52, 14, 46, 26]",0.993978132436305,112,1,52,32,3,14,96,3,46,56,3,26
627,"[23, 24, 21, 31]",0.9940356075027843,48,4,23,56,1,24,48,2,21,64,4,31
456,"[6, 54, 21, 43]",0.9947618621366995,16,3,6,112,3,54,48,2,21,88,4,43
884,"[18, 19, 31, 2]",0.9947663552967119,40,3,18,40,4,19,64,4,31,8,3,2
409,"[44, 27, 36, 38]",0.9948968615060971,96,1,44,56,4,27,80,1,36,80,3,38
457,"[29, 26, 4, 34]",0.9950075775016973,64,2,29,56,3,26,16,1,4,72,3,34
143,"[15, 14, 35, 49]",0.9950809441966775,32,4,15,32,3,14,72,4,35,104,2,49
722,"[40, 29, 34, 29]",0.9951222781781797,88,1,40,64,2,29,72,3,34,64,2,29
303,"[20, 38, 46, 9]",0.9953136760511516,48,1,20,80,3,38,96,3,46,24,2,9
44,"[52, 19, 29, 30]",0.9953529201907876,112,1,52,40,4,19,64,2,29,64,3,30
417,"[14, 49, 48, 54]",0.9962061945302987,32,3,14,104,2,49,104,1,48,112,3,54
420,"[13, 53, 13, 27]",0.9963970493387293,32,2,13,112,2,53,32,2,13,56,4,27
758,"[10, 49, 31, 7]",0.997406100049431,24,3,10,104,2,49,64,4,31,16,4,7
675,"[12, 43, 19, 19]",0.9974385544105813,32,1,12,88,4,43,40,4,19,40,4,19
625,"[6, 46, 43, 53]",0.9975338217652874,16,3,6,96,3,46,88,4,43,112,2,53
564,"[26, 6, 27, 38]",0.9977592936268559,56,3,26,16,3,6,56,4,27,80,3,38
297,"[15, 33, 17, 23]",0.9978461876327609,32,4,15,72,2,33,40,2,17,48,4,23
741,"[7, 39, 30, 54]",0.9979344150166453,16,4,7,80,4,39,64,3,30,112,3,54
540,"[18, 41, 43, 4]",0.9981434021467044,40,3,18,88,2,41,88,4,43,16,1,4
783,"[25, 8, 46, 46]",0.9981878672117068,56,2,25,24,1,8,96,3,46,96,3,46
453,"[25, 40, 35, 6]",0.9983129714742119,56,2,25,88,1,40,72,4,35,16,3,6
419,"[21, 36, 58, 57]",0.9983598221967249,48,2,21,80,1,36,120,3,58,120,2,57
442,"[19, 25, 22, 25]",0.9984394937385748,40,4,19,56,2,25,48,3,22,56,2,25
891,"[25, 6, 47, 30]",0.9987680014268852,56,2,25,16,3,6,96,4,47,64,3,30
104,"[22, 20, 45, 22]",0.9988060571529247,48,3,22,48,1,20,96,2,45,48,3,22
917,"[48, 25, 37, 19]",0.9989768619890567,104,1,48,56,2,25,80,2,37,40,4,19
983,"[21, 29, 32, 27]",0.9990048592473254,48,2,21,64,2,29,72,1,32,56,4,27
915,"[6, 46, 49, 34]",0.9993283895798671,16,3,6,96,3,46,104,2,49,72,3,34
146,"[24, 34, 58, 5]",0.999896803755819,56,1,24,72,3,34,120,3,58,16,2,5
848,"[40, 31, 4, 43]",0.99998445716905,88,1,40,64,4,31,16,1,4,88,4,43
696,"[16, 30, 58, 53]",1.0000878226609877,40,1,16,64,3,30,120,3,58,112,2,53
208,"[19, 23, 2, 51]",1.0001165064764612,40,4,19,48,4,23,8,3,2,104,4,51
992,"[20, 27, 58, 25]",1.0001926996089794,48,1,20,56,4,27,120,3,58,56,2,25
778,"[12, 53, 53, 31]",1.0004674865875716,32,1,12,112,2,53,112,2,53,64,4,31
220,"[52, 10, 43, 51]",1.0005087087183824,112,1,52,24,3,10,88,4,43,104,4,51
607,"[12, 49, 51, 29]",1.0010798514625172,32,1,12,104,2,49,104,4,51,64,2,29
110,"[21, 33, 34, 1]",1.0017150169537392,48,2,21,72,2,33,72,3,34,8,2,1
672,"[11, 31, 13, 54]",1.0017356114622988,24,4,11,64,4,31,32,2,13,112,3,54
186,"[40, 17, 46, 18]",1.0017582965485843,88,1,40,40,2,17,96,3,46,40,3,18
412,"[22, 56, 17, 46]",1.0019444234577226,48,3,22,120,1,56,40,2,17,96,3,46
494,"[26, 40, 9, 39]",1.0022575354870455,56,3,26,88,1,40,24,2,9,80,4,39
526,"[21, 30, 34, 56]",1.0024372869067721,48,2,21,64,3,30,72,3,34,120,1,56
918,"[12, 47, 6, 51]",1.0030761375839328,32,1,12,96,4,47,16,3,6,104,4,51
374,"[33, 17, 21, 37]",1.0031296875741746,72,2,33,40,2,17,48,2,21,80,2,37
706,"[7, 31, 35, 42]",1.0032558735506034,16,4,7,64,4,31,72,4,35,88,3,42
753,"[19, 30, 48, 14]",1.003367202517427,40,4,19,64,3,30,104,1,48,32,3,14
353,"[36, 19, 35, 6]",1.0038640786100317,80,1,36,40,4,19,72,4,35,16,3,6
955,"[48, 29, 17, 38]",1.0039696222470131,104,1,48,64,2,29,40,2,17,80,3,38
158,"[26, 13, 33, 49]",1.0040130997881478,56,3,26,32,2,13,72,2,33,104,2,49
1,"[12, 35, 40, 51]",1.004134824246536,32,1,12,72,4,35,88,1,40,104,4,51
361,"[25, 27, 9, 29]",1.004164241714242,56,2,25,56,4,27,24,2,9,64,2,29
287,"[44, 44, 54, 58]",1.004791635054129,96,1,44,96,1,44,112,3,54,120,3,58
976,"[9, 50, 40, 23]",1.0048152068514882,24,2,9,104,3,50,88,1,40,48,4,23
299,"[36, 53, 30, 9]",1.004820696365686,80,1,36,112,2,53,64,3,30,24,2,9
650,"[15, 24, 59, 53]",1.005121515120989,32,4,15,56,1,24,120,4,59,112,2,53
621,"[4, 46, 59, 31]",1.005128264427185,16,1,4,96,3,46,120,4,59,64,4,31
430,"[32, 38, 37, 13]",1.0053899030626556,72,1,32,80,3,38,80,2,37,32,2,13
216,"[22, 8, 34, 19]",1.0054186015953253,48,3,22,24,1,8,72,3,34,40,4,19
159,"[25, 29, 36, 19]",1.0056795963534602,56,2,25,64,2,29,80,1,36,40,4,19
265,"[40, 31, 36, 15]",1.005698079680219,88,1,40,64,4,31,80,1,36,32,4,15
617,"[33, 11, 19, 57]",1.0058358723734633,72,2,33,24,4,11,40,4,19,120,2,57
757,"[21, 31, 36, 33]",1.0058662361568875,48,2,21,64,4,31,80,1,36,72,2,33
321,"[7, 57, 51, 18]",1.00657899512185,16,4,7,120,2,57,104,4,51,40,3,18
406,"[6, 49, 38, 34]",1.0066724522614185,16,3,6,104,2,49,80,3,38,72,3,34
472,"[40, 19, 13, 54]",1.0069112166946317,88,1,40,40,4,19,32,2,13,112,3,54
466,"[6, 50, 39, 25]",1.0069536809568052,16,3,6,104,3,50,80,4,39,56,2,25
720,"[7, 33, 55, 26]",1.0070674669595412,16,4,7,72,2,33,112,4,55,56,3,26
737,"[44, 29, 48, 43]",1.0074244892155682,96,1,44,64,2,29,104,1,48,88,4,43
595,"[24, 49, 32, 47]",1.0075735670548898,56,1,24,104,2,49,72,1,32,96,4,47
286,"[21, 41, 48, 18]",1.0076302856574824,48,2,21,88,2,41,104,1,48,40,3,18
667,"[52, 22, 53, 33]",1.0076603197757108,112,1,52,48,3,22,112,2,53,72,2,33
360,"[40, 37, 48, 31]",1.0078117037996834,88,1,40,80,2,37,104,1,48,64,4,31
458,"[14, 23, 41, 29]",1.0078536478089697,32,3,14,48,4,23,88,2,41,64,2,29
217,"[40, 42, 0, 43]",1.0079463286164365,88,1,40,88,3,42,8,1,0,88,4,43
90,"[44, 36, 39, 35]",1.0084018611613614,96,1,44,80,1,36,80,4,39,72,4,35
425,"[40, 13, 31, 46]",1.0086972338181954,88,1,40,32,2,13,64,4,31,96,3,46
29,"[19, 22, 3, 31]",1.008707872879358,40,4,19,48,3,22,8,4,3,64,4,31
841,"[36, 42, 37, 2]",1.0087342799445729,80,1,36,88,3,42,80,2,37,8,3,2
536,"[12, 47, 45, 37]",1.0087977993635484,32,1,12,96,4,47,96,2,45,80,2,37
996,"[23, 17, 32, 34]",1.0088843570815191,48,4,23,40,2,17,72,1,32,72,3,34
292,"[29, 18, 48, 14]",1.0089090554802507,64,2,29,40,3,18,104,1,48,32,3,14
944,"[28, 17, 55, 10]",1.0092000078271937,64,1,28,40,2,17,112,4,55,24,3,10
979,"[32, 23, 22, 49]",1.0092085791222842,72,1,32,48,4,23,48,3,22,104,2,49
142,"[26, 8, 31, 45]",1.0093151838691146,56,3,26,24,1,8,64,4,31,96,2,45
859,"[6, 42, 33, 30]",1.009329620702767,16,3,6,88,3,42,72,2,33,64,3,30
644,"[15, 39, 3, 46]",1.0093939260200218,32,4,15,80,4,39,8,4,3,96,3,46
332,"[36, 36, 42, 55]",1.0095916780424707,80,1,36,80,1,36,88,3,42,112,4,55
682,"[24, 38, 47, 4]",1.009623395807949,56,1,24,80,3,38,96,4,47,16,1,4
792,"[44, 29, 44, 39]",1.0097519534605521,96,1,44,64,2,29,96,1,44,80,4,39
618,"[17, 23, 57, 13]",1.0098427732785542,40,2,17,48,4,23,120,2,57,32,2,13
555,"[48, 26, 53, 21]",1.010176799915455,104,1,48,56,3,26,112,2,53,48,2,21
378,"[15, 48, 19, 35]",1.0101942339061218,32,4,15,104,1,48,40,4,19,72,4,35
557,"[8, 54, 17, 47]",1.010344026265321,24,1,8,112,3,54,40,2,17,96,4,47
880,"[15, 19, 18, 14]",1.0105674553800512,32,4,15,40,4,19,40,3,18,32,3,14
387,"[5, 47, 10, 43]",1.0110453602708416,16,2,5,96,4,47,24,3,10,88,4,43
89,"[15, 44, 21, 55]",1.011141566582668,32,4,15,96,1,44,48,2,21,112,4,55
182,"[26, 36, 9, 35]",1.0111537781762487,56,3,26,80,1,36,24,2,9,72,4,35
952,"[8, 57, 39, 58]",1.0113661429028453,24,1,8,120,2,57,80,4,39,120,3,58
21,"[10, 35, 26, 13]",1.0114751980628496,24,3,10,72,4,35,56,3,26,32,2,13
554,"[26, 12, 41, 15]",1.0115227463804646,56,3,26,32,1,12,88,2,41,32,4,15
101,"[13, 50, 39, 0]",1.011715833051705,32,2,13,104,3,50,80,4,39,8,1,0
738,"[24, 39, 3, 47]",1.011946154229435,56,1,24,80,4,39,8,4,3,96,4,47
591,"[29, 24, 30, 13]",1.0120226623099526,64,2,29,56,1,24,64,3,30,32,2,13
485,"[4, 43, 35, 43]",1.012031865708622,16,1,4,88,4,43,72,4,35,88,4,43
703,"[52, 17, 25, 27]",1.0122837718622184,112,1,52,40,2,17,56,2,25,56,4,27
319,"[15, 49, 41, 17]",1.0123102576644332,32,4,15,104,2,49,88,2,41,40,2,17
93,"[16, 42, 44, 26]",1.0127551518840554,40,1,16,88,3,42,96,1,44,56,3,26
735,"[6, 30, 51, 49]",1.0128802951471305,16,3,6,64,3,30,104,4,51,104,2,49
634,"[10, 57, 49, 11]",1.0128853799384316,24,3,10,120,2,57,104,2,49,24,4,11
117,"[17, 39, 49, 1]",1.0132394344718367,40,2,17,80,4,39,104,2,49,8,2,1
266,"[10, 38, 57, 21]",1.0132424176475148,24,3,10,80,3,38,120,2,57,48,2,21
415,"[28, 32, 55, 31]",1.0133665255558344,64,1,28,72,1,32,112,4,55,64,4,31
15,"[32, 57, 20, 47]",1.0137327151534,72,1,32,120,2,57,48,1,20,96,4,47
828,"[36, 21, 38, 7]",1.0139032536082797,80,1,36,48,2,21,80,3,38,16,4,7
709,"[13, 45, 50, 1]",1.0140101902278853,32,2,13,96,2,45,104,3,50,8,2,1
856,"[26, 15, 11, 21]",1.0140885313351948,56,3,26,32,4,15,24,4,11,48,2,21
156,"[25, 8, 51, 14]",1.0144333427335008,56,2,25,24,1,8,104,4,51,32,3,14
573,"[40, 29, 15, 22]",1.0145926335711537,88,1,40,64,2,29,32,4,15,48,3,22
717,"[17, 42, 1, 26]",1.0147927977420665,40,2,17,88,3,42,8,2,1,56,3,26
929,"[6, 46, 27, 57]",1.0153670649469635,16,3,6,96,3,46,56,4,27,120,2,57
83,"[19, 21, 15, 29]",1.015400540681533,40,4,19,48,2,21,32,4,15,64,2,29
410,"[14, 40, 58, 41]",1.0154926335370098,32,3,14,88,1,40,120,3,58,88,2,41
560,"[9, 50, 47, 8]",1.0161450998282726,24,2,9,104,3,50,96,4,47,24,1,8
428,"[26, 10, 57, 7]",1.0161501485624431,56,3,26,24,3,10,120,2,57,16,4,7
244,"[23, 18, 8, 19]",1.0161673250021759,48,4,23,40,3,18,24,1,8,40,4,19
511,"[36, 40, 30, 55]",1.0162634062178342,80,1,36,88,1,40,64,3,30,112,4,55
461,"[4, 47, 39, 30]",1.0162712975784585,16,1,4,96,4,47,80,4,39,64,3,30
293,"[48, 22, 47, 12]",1.0163732369740803,104,1,48,48,3,22,96,4,47,32,1,12
504,"[13, 38, 27, 56]",1.0164879317636843,32,2,13,80,3,38,56,4,27,120,1,56
673,"[15, 24, 39, 10]",1.0165847856321453,32,4,15,56,1,24,80,4,39,24,3,10
578,"[40, 13, 59, 57]",1.0167308979564242,88,1,40,32,2,13,120,4,59,120,2,57
541,"[21, 39, 2, 7]",1.0167789297339358,48,2,21,80,4,39,8,3,2,16,4,7
734,"[13, 43, 21, 3]",1.0172367029719882,32,2,13,88,4,43,48,2,21,8,4,3
475,"[22, 7, 49, 23]",1.017473565943447,48,3,22,16,4,7,104,2,49,48,4,23
94,"[9, 39, 14, 49]",1.0175010554584456,24,2,9,80,4,39,32,3,14,104,2,49
327,"[17, 41, 41, 3]",1.0175509791315338,40,2,17,88,2,41,88,2,41,8,4,3
671,"[18, 34, 32, 33]",1.017614291773902,40,3,18,72,3,34,72,1,32,72,2,33
863,"[16, 43, 17, 41]",1.0177085134718153,40,1,16,88,4,43,40,2,17,88,2,41
691,"[33, 32, 29, 57]",1.0177596498418737,72,2,33,72,1,32,64,2,29,120,2,57
612,"[13, 39, 29, 9]",1.0189035762975245,32,2,13,80,4,39,64,2,29,24,2,9
431,"[20, 54, 14, 13]",1.0192220093291482,48,1,20,112,3,54,32,3,14,32,2,13
270,"[25, 13, 19, 37]",1.019433252605391,56,2,25,32,2,13,40,4,19,80,2,37
974,"[15, 34, 42, 12]",1.0195039518085527,32,4,15,72,3,34,88,3,42,32,1,12
64,"[40, 26, 37, 17]",1.01959623893102,88,1,40,56,3,26,80,2,37,40,2,17
544,"[26, 9, 36, 35]",1.0203241853066434,56,3,26,24,2,9,80,1,36,72,4,35
151,"[44, 56, 53, 55]",1.0204039017359416,96,1,44,120,1,56,112,2,53,112,4,55
163,"[36, 41, 21, 53]",1.0204819764619992,80,1,36,88,2,41,48,2,21,112,2,53
284,"[25, 40, 13, 50]",1.020502288400391,56,2,25,88,1,40,32,2,13,104,3,50
676,"[19, 10, 24, 51]",1.0207300583521526,40,4,19,24,3,10,56,1,24,104,4,51
35,"[32, 46, 5, 49]",1.0207631551189187,72,1,32,96,3,46,16,2,5,104,2,49
164,"[29, 29, 19, 36]",1.0209977906427266,64,2,29,64,2,29,40,4,19,80,1,36
71,"[32, 57, 32, 42]",1.0210283089567114,72,1,32,120,2,57,72,1,32,88,3,42
312,"[52, 14, 17, 54]",1.0210336910353766,112,1,52,32,3,14,40,2,17,112,3,54
75,"[25, 15, 21, 29]",1.0210984768690887,56,2,25,32,4,15,48,2,21,64,2,29
912,"[15, 49, 17, 53]",1.0213497465039476,32,4,15,104,2,49,40,2,17,112,2,53
167,"[19, 48, 25, 22]",1.0214209703751553,40,4,19,104,1,48,56,2,25,48,3,22
606,"[21, 19, 0, 55]",1.0215861068831549,48,2,21,40,4,19,8,1,0,112,4,55
574,"[44, 25, 23, 21]",1.0216552666675898,96,1,44,56,2,25,48,4,23,48,2,21
499,"[14, 38, 52, 41]",1.0216705129470354,32,3,14,80,3,38,112,1,52,88,2,41
829,"[48, 9, 34, 47]",1.0220866291611284,104,1,48,24,2,9,72,3,34,96,4,47
331,"[19, 18, 38, 48]",1.0221079411330047,40,4,19,40,3,18,80,3,38,104,1,48
66,"[28, 27, 17, 57]",1.022241198722227,64,1,28,56,4,27,40,2,17,120,2,57
45,"[36, 35, 13, 13]",1.0225525196687675,80,1,36,72,4,35,32,2,13,32,2,13
188,"[21, 7, 59, 15]",1.022738168269028,48,2,21,16,4,7,120,4,59,32,4,15
33,"[9, 34, 47, 48]",1.0229375303527455,24,2,9,72,3,34,96,4,47,104,1,48
638,"[15, 34, 7, 14]",1.023021689167729,32,4,15,72,3,34,16,4,7,32,3,14
960,"[7, 49, 22, 54]",1.0230244199434917,16,4,7,104,2,49,48,3,22,112,3,54
8,"[44, 25, 10, 46]",1.0231340005074019,96,1,44,56,2,25,24,3,10,96,3,46
323,"[24, 37, 47, 44]",1.0231691944746324,56,1,24,80,2,37,96,4,47,96,1,44
451,"[22, 25, 8, 30]",1.0232032625763505,48,3,22,56,2,25,24,1,8,64,3,30
836,"[10, 31, 43, 12]",1.0232709189991893,24,3,10,64,4,31,88,4,43,32,1,12
408,"[26, 11, 12, 38]",1.0234372240525704,56,3,26,24,4,11,32,1,12,80,3,38
402,"[6, 53, 17, 59]",1.0237521301081152,16,3,6,112,2,53,40,2,17,120,4,59
914,"[11, 43, 3, 23]",1.0242944999977395,24,4,11,88,4,43,8,4,3,48,4,23
632,"[36, 29, 30, 2]",1.0243167560777546,80,1,36,64,2,29,64,3,30,8,3,2
666,"[15, 16, 58, 14]",1.0243291604666063,32,4,15,40,1,16,120,3,58,32,3,14
809,"[16, 46, 56, 18]",1.0243426281728862,40,1,16,96,3,46,120,1,56,40,3,18
450,"[21, 38, 3, 10]",1.0244336356351404,48,2,21,80,3,38,8,4,3,24,3,10
443,"[22, 20, 9, 55]",1.0244805371319805,48,3,22,48,1,20,24,2,9,112,4,55
765,"[16, 50, 11, 29]",1.0246300182224792,40,1,16,104,3,50,24,4,11,64,2,29
685,"[28, 43, 16, 33]",1.0252385374940471,64,1,28,88,4,43,40,1,16,72,2,33
515,"[6, 31, 58, 7]",1.0253001554512684,16,3,6,64,4,31,120,3,58,16,4,7
801,"[29, 28, 37, 29]",1.0254176170737654,64,2,29,64,1,28,80,2,37,64,2,29
991,"[52, 17, 21, 34]",1.0255337026384141,112,1,52,40,2,17,48,2,21,72,3,34
479,"[14, 39, 27, 0]",1.025574375817805,32,3,14,80,4,39,56,4,27,8,1,0
516,"[17, 35, 16, 10]",1.0257491557686418,40,2,17,72,4,35,40,1,16,24,3,10
870,"[29, 13, 20, 54]",1.025957163469291,64,2,29,32,2,13,48,1,20,112,3,54
60,"[14, 40, 54, 6]",1.0266480541523593,32,3,14,88,1,40,112,3,54,16,3,6
134,"[16, 30, 55, 52]",1.0267090377984223,40,1,16,64,3,30,112,4,55,112,1,52
314,"[40, 15, 30, 45]",1.0269943792142986,88,1,40,32,4,15,64,3,30,96,2,45
867,"[40, 29, 29, 7]",1.0271985037827198,88,1,40,64,2,29,64,2,29,16,4,7
92,"[32, 30, 21, 6]",1.0272009394786976,72,1,32,64,3,30,48,2,21,16,3,6
39,"[44, 56, 27, 31]",1.0274228438918973,96,1,44,120,1,56,56,4,27,64,4,31
498,"[40, 33, 40, 30]",1.0274332548365182,88,1,40,72,2,33,88,1,40,64,3,30
708,"[22, 33, 9, 25]",1.027597000569473,48,3,22,72,2,33,24,2,9,56,2,25
48,"[22, 6, 29, 30]",1.0282150462821678,48,3,22,16,3,6,64,2,29,64,3,30
908,"[36, 27, 57, 2]",1.0285819010970034,80,1,36,56,4,27,120,2,57,8,3,2
626,"[23, 10, 15, 33]",1.029048047683857,48,4,23,24,3,10,32,4,15,72,2,33
806,"[29, 20, 27, 2]",1.0290780479525343,64,2,29,48,1,20,56,4,27,8,3,2
131,"[20, 56, 46, 55]",1.0291467316356706,48,1,20,120,1,56,96,3,46,112,4,55
484,"[15, 57, 36, 18]",1.0291684836517145,32,4,15,120,2,57,80,1,36,40,3,18
255,"[15, 35, 24, 33]",1.0293821177364868,32,4,15,72,4,35,56,1,24,72,2,33
206,"[22, 34, 14, 40]",1.029481589794159,48,3,22,72,3,34,32,3,14,88,1,40
155,"[36, 49, 25, 6]",1.029508708435812,80,1,36,104,2,49,56,2,25,16,3,6
649,"[20, 50, 40, 11]",1.0296114925984983,48,1,20,104,3,50,88,1,40,24,4,11
971,"[48, 25, 23, 3]",1.0299871968634335,104,1,48,56,2,25,48,4,23,8,4,3
853,"[32, 45, 21, 10]",1.0300518936581082,72,1,32,96,2,45,48,2,21,24,3,10
766,"[52, 19, 5, 58]",1.0300581403720526,112,1,52,40,4,19,16,2,5,120,3,58
892,"[17, 42, 7, 5]",1.0307350585490098,40,2,17,88,3,42,16,4,7,16,2,5
275,"[22, 29, 52, 53]",1.0307707896939031,48,3,22,64,2,29,112,1,52,112,2,53
358,"[26, 19, 15, 16]",1.0311789703957828,56,3,26,40,4,19,32,4,15,40,1,16
563,"[26, 17, 1, 50]",1.031223076361197,56,3,26,40,2,17,8,2,1,104,3,50
580,"[26, 6, 40, 35]",1.0314276196338512,56,3,26,16,3,6,88,1,40,72,4,35
686,"[23, 4, 42, 49]",1.032128002172635,48,4,23,16,1,4,88,3,42,104,2,49
932,"[44, 30, 34, 8]",1.0322423459571084,96,1,44,64,3,30,72,3,34,24,1,8
715,"[22, 19, 3, 18]",1.0323759810424145,48,3,22,40,4,19,8,4,3,40,3,18
936,"[11, 43, 11, 3]",1.0324091727350966,24,4,11,88,4,43,24,4,11,8,4,3
902,"[4, 54, 13, 55]",1.0330097211731806,16,1,4,112,3,54,32,2,13,112,4,55
126,"[36, 28, 37, 59]",1.0331660472316506,80,1,36,64,1,28,80,2,37,120,4,59
782,"[52, 21, 42, 1]",1.033581390792941,112,1,52,48,2,21,88,3,42,8,2,1
981,"[40, 17, 23, 33]",1.0336701855247403,88,1,40,40,2,17,48,4,23,72,2,33
887,"[8, 54, 21, 22]",1.0338600542810228,24,1,8,112,3,54,48,2,21,48,3,22
761,"[36, 27, 23, 40]",1.03388187178859,80,1,36,56,4,27,48,4,23,88,1,40
589,"[10, 41, 35, 56]",1.0339353209660378,24,3,10,88,2,41,72,4,35,120,1,56
582,"[15, 23, 49, 5]",1.034155978832716,32,4,15,48,4,23,104,2,49,16,2,5
581,"[44, 25, 35, 56]",1.034923889754731,96,1,44,56,2,25,72,4,35,120,1,56
389,"[21, 45, 28, 33]",1.0351351352385532,48,2,21,96,2,45,64,1,28,72,2,33
505,"[14, 23, 50, 8]",1.0351612737149367,32,3,14,48,4,23,104,3,50,24,1,8
407,"[32, 27, 1, 34]",1.0355213085810344,72,1,32,56,4,27,8,2,1,72,3,34
18,"[5, 58, 33, 14]",1.0356277897034163,16,2,5,120,3,58,72,2,33,32,3,14
754,"[25, 45, 48, 17]",1.0360238294542572,56,2,25,96,2,45,104,1,48,40,2,17
106,"[22, 3, 53, 39]",1.036037783563873,48,3,22,8,4,3,112,2,53,80,4,39
628,"[22, 15, 52, 49]",1.0361307638662833,48,3,22,32,4,15,112,1,52,104,2,49
234,"[19, 5, 34, 10]",1.0363051604341578,40,4,19,16,2,5,72,3,34,24,3,10
51,"[25, 34, 2, 21]",1.036473947542685,56,2,25,72,3,34,8,3,2,48,2,21
871,"[15, 35, 0, 19]",1.0366031417140253,32,4,15,72,4,35,8,1,0,40,4,19
413,"[19, 52, 24, 51]",1.036710321167369,40,4,19,112,1,52,56,1,24,104,4,51
444,"[14, 45, 6, 14]",1.0368450004377483,32,3,14,96,2,45,16,3,6,32,3,14
69,"[23, 15, 36, 53]",1.0368527026824008,48,4,23,32,4,15,80,1,36,112,2,53
889,"[24, 35, 7, 25]",1.0373103177105938,56,1,24,72,4,35,16,4,7,56,2,25
645,"[4, 27, 59, 54]",1.037646128807539,16,1,4,56,4,27,120,4,59,112,3,54
219,"[36, 22, 46, 16]",1.0378359997714008,80,1,36,48,3,22,96,3,46,40,1,16
954,"[28, 39, 13, 2]",1.0379004309206834,64,1,28,80,4,39,32,2,13,8,3,2
984,"[21, 24, 59, 56]",1.038217685840748,48,2,21,56,1,24,120,4,59,120,1,56
796,"[36, 44, 42, 18]",1.0382722579402688,80,1,36,96,1,44,88,3,42,40,3,18
278,"[40, 48, 46, 53]",1.0385045048631267,88,1,40,104,1,48,96,3,46,112,2,53
652,"[29, 36, 11, 22]",1.0390111141734653,64,2,29,80,1,36,24,4,11,48,3,22
631,"[16, 38, 57, 5]",1.0391015851939167,40,1,16,80,3,38,120,2,57,16,2,5
176,"[29, 14, 7, 10]",1.0391737862869546,64,2,29,32,3,14,16,4,7,24,3,10
785,"[25, 25, 0, 39]",1.0395452240366994,56,2,25,56,2,25,8,1,0,80,4,39
97,"[17, 41, 2, 46]",1.0398991843800487,40,2,17,88,2,41,8,3,2,96,3,46
49,"[29, 11, 27, 48]",1.0406129632467105,64,2,29,24,4,11,56,4,27,104,1,48
707,"[26, 0, 57, 39]",1.0407486609470697,56,3,26,8,1,0,120,2,57,80,4,39
599,"[40, 25, 33, 17]",1.0408370200498605,88,1,40,56,2,25,72,2,33,40,2,17
746,"[21, 31, 40, 5]",1.0409452002725483,48,2,21,64,4,31,88,1,40,16,2,5
471,"[40, 25, 16, 46]",1.0412309250713867,88,1,40,56,2,25,40,1,16,96,3,46
316,"[32, 53, 41, 5]",1.0415395844129869,72,1,32,112,2,53,88,2,41,16,2,5
54,"[25, 9, 24, 47]",1.0416911722701272,56,2,25,24,2,9,56,1,24,96,4,47
386,"[20, 35, 36, 53]",1.0418605738215976,48,1,20,72,4,35,80,1,36,112,2,53
207,"[9, 50, 56, 37]",1.0420581845589627,24,2,9,104,3,50,120,1,56,80,2,37
879,"[18, 38, 33, 28]",1.042098895267204,40,3,18,80,3,38,72,2,33,64,1,28
934,"[52, 28, 37, 42]",1.0422646123685955,112,1,52,64,1,28,80,2,37,88,3,42
689,"[9, 46, 23, 44]",1.0423000072255546,24,2,9,96,3,46,48,4,23,96,1,44
432,"[19, 44, 31, 24]",1.0425355780271837,40,4,19,96,1,44,64,4,31,56,1,24
289,"[7, 47, 14, 25]",1.0427843781165134,16,4,7,96,4,47,32,3,14,56,2,25
162,"[44, 37, 13, 33]",1.0428254825097543,96,1,44,80,2,37,32,2,13,72,2,33
254,"[14, 48, 53, 45]",1.0429484100989352,32,3,14,104,1,48,112,2,53,96,2,45
602,"[16, 47, 17, 5]",1.0435311485219885,40,1,16,96,4,47,40,2,17,16,2,5
640,"[23, 24, 12, 39]",1.0437481395992232,48,4,23,56,1,24,32,1,12,80,4,39
705,"[19, 34, 44, 9]",1.0442735037685913,40,4,19,72,3,34,96,1,44,24,2,9
238,"[33, 17, 5, 10]",1.0443757036585866,72,2,33,40,2,17,16,2,5,24,3,10
399,"[18, 14, 49, 5]",1.0445069383691858,40,3,18,32,3,14,104,2,49,16,2,5
95,"[18, 18, 19, 32]",1.0447084351822182,40,3,18,40,3,18,40,4,19,72,1,32
679,"[52, 17, 43, 20]",1.0448863918398634,112,1,52,40,2,17,88,4,43,48,1,20
487,"[11, 52, 50, 21]",1.0449516861527055,24,4,11,112,1,52,104,3,50,48,2,21
658,"[18, 8, 57, 22]",1.0450193771609553,40,3,18,24,1,8,120,2,57,48,3,22
654,"[19, 32, 49, 6]",1.0453853136227456,40,4,19,72,1,32,104,2,49,16,3,6
814,"[18, 56, 18, 29]",1.0455694794654846,40,3,18,120,1,56,40,3,18,64,2,29
298,"[25, 56, 52, 46]",1.0464070137636161,56,2,25,120,1,56,112,1,52,96,3,46
721,"[33, 11, 17, 13]",1.0464105157204617,72,2,33,24,4,11,40,2,17,32,2,13
116,"[26, 28, 20, 50]",1.0464773016211428,56,3,26,64,1,28,48,1,20,104,3,50
831,"[24, 31, 26, 48]",1.0470834742357702,56,1,24,64,4,31,56,3,26,104,1,48
935,"[11, 41, 50, 44]",1.0471821552441445,24,4,11,88,2,41,104,3,50,96,1,44
459,"[4, 46, 57, 15]",1.0474867187900307,16,1,4,96,3,46,120,2,57,32,4,15
362,"[40, 23, 23, 4]",1.0491466073342313,88,1,40,48,4,23,48,4,23,16,1,4
651,"[26, 10, 23, 20]",1.0491897566818897,56,3,26,24,3,10,48,4,23,48,1,20
551,"[32, 45, 24, 15]",1.0494164184287742,72,1,32,96,2,45,56,1,24,32,4,15
951,"[28, 37, 34, 24]",1.0499018055421334,64,1,28,80,2,37,72,3,34,56,1,24
455,"[12, 46, 7, 45]",1.050436642434862,32,1,12,96,3,46,16,4,7,96,2,45
846,"[56, 15, 41, 21]",1.0505856415371837,120,1,56,32,4,15,88,2,41,48,2,21
145,"[15, 26, 11, 2]",1.0510602151906048,32,4,15,56,3,26,24,4,11,8,3,2
91,"[17, 57, 23, 0]",1.0510951942867703,40,2,17,120,2,57,48,4,23,8,1,0
294,"[5, 54, 49, 17]",1.051115139031116,16,2,5,112,3,54,104,2,49,40,2,17
14,"[24, 49, 30, 56]",1.051293796963162,56,1,24,104,2,49,64,3,30,120,1,56
883,"[23, 13, 33, 2]",1.0513139838053855,48,4,23,32,2,13,72,2,33,8,3,2
959,"[40, 9, 57, 27]",1.0514618401174192,88,1,40,24,2,9,120,2,57,56,4,27
657,"[29, 7, 5, 43]",1.0515905729046575,64,2,29,16,4,7,16,2,5,88,4,43
646,"[33, 36, 5, 30]",1.0516254085081596,72,2,33,80,1,36,16,2,5,64,3,30
474,"[5, 57, 14, 23]",1.051981762603477,16,2,5,120,2,57,32,3,14,48,4,23
616,"[22, 27, 7, 56]",1.052479910261837,48,3,22,56,4,27,16,4,7,120,1,56
508,"[13, 57, 1, 27]",1.0525453524825015,32,2,13,120,2,57,8,2,1,56,4,27
877,"[12, 50, 16, 14]",1.052680786009188,32,1,12,104,3,50,40,1,16,32,3,14
770,"[33, 8, 15, 18]",1.052904928907936,72,2,33,24,1,8,32,4,15,40,3,18
906,"[24, 31, 12, 41]",1.0530842270380185,56,1,24,64,4,31,32,1,12,88,2,41
543,"[36, 41, 48, 53]",1.0534171690175562,80,1,36,88,2,41,104,1,48,112,2,53
125,"[15, 30, 40, 17]",1.053635709815555,32,4,15,64,3,30,88,1,40,40,2,17
369,"[23, 4, 30, 21]",1.0540905558032754,48,4,23,16,1,4,64,3,30,48,2,21
998,"[15, 39, 4, 17]",1.0542304663010587,32,4,15,80,4,39,16,1,4,40,2,17
668,"[22, 40, 20, 27]",1.0543791909276703,48,3,22,88,1,40,48,1,20,56,4,27
927,"[6, 43, 46, 48]",1.0544675860875918,16,3,6,88,4,43,96,3,46,104,1,48
968,"[26, 0, 50, 49]",1.054698583520489,56,3,26,8,1,0,104,3,50,104,2,49
173,"[29, 44, 20, 27]",1.0550571981771493,64,2,29,96,1,44,48,1,20,56,4,27
25,"[22, 52, 9, 18]",1.0554177739002086,48,3,22,112,1,52,24,2,9,40,3,18
112,"[18, 53, 10, 1]",1.0554916630556554,40,3,18,112,2,53,24,3,10,8,2,1
80,"[20, 39, 36, 13]",1.055910602763847,48,1,20,80,4,39,80,1,36,32,2,13
663,"[14, 31, 53, 56]",1.055992661434927,32,3,14,64,4,31,112,2,53,120,1,56
111,"[25, 18, 12, 21]",1.056020775694906,56,2,25,40,3,18,32,1,12,48,2,21
166,"[48, 24, 18, 35]",1.0560529872223183,104,1,48,56,1,24,40,3,18,72,4,35
524,"[6, 46, 54, 40]",1.0561162439393408,16,3,6,96,3,46,112,3,54,88,1,40
102,"[4, 42, 46, 3]",1.0562385283870461,16,1,4,88,3,42,96,3,46,8,4,3
138,"[21, 1, 58, 50]",1.0564868185255263,48,2,21,8,2,1,120,3,58,104,3,50
603,"[22, 16, 42, 28]",1.0570875921367127,48,3,22,40,1,16,88,3,42,64,1,28
995,"[18, 49, 41, 56]",1.0575708930875047,40,3,18,104,2,49,88,2,41,120,1,56
98,"[36, 45, 36, 41]",1.0577824763309809,80,1,36,96,2,45,80,1,36,88,2,41
235,"[29, 52, 8, 55]",1.057998396732189,64,2,29,112,1,52,24,1,8,112,4,55
43,"[23, 16, 36, 34]",1.0580869670267459,48,4,23,40,1,16,80,1,36,72,3,34
604,"[4, 41, 59, 33]",1.0582335672260803,16,1,4,88,2,41,120,4,59,72,2,33
586,"[22, 20, 46, 4]",1.0583007114904899,48,3,22,48,1,20,96,3,46,16,1,4
261,"[48, 5, 31, 51]",1.0585327096927313,104,1,48,16,2,5,64,4,31,104,4,51
446,"[19, 11, 18, 9]",1.059022609098458,40,4,19,24,4,11,40,3,18,24,2,9
985,"[28, 41, 56, 11]",1.0597142650757307,64,1,28,88,2,41,120,1,56,24,4,11
476,"[52, 8, 55, 38]",1.0598447411148637,112,1,52,24,1,8,112,4,55,80,3,38
282,"[48, 7, 58, 23]",1.0604974737873785,104,1,48,16,4,7,120,3,58,48,4,23
537,"[44, 44, 27, 29]",1.0606309293228904,96,1,44,96,1,44,56,4,27,64,2,29
204,"[14, 50, 2, 13]",1.0607366797364788,32,3,14,104,3,50,8,3,2,32,2,13
184,"[18, 44, 24, 50]",1.0609544699574693,40,3,18,96,1,44,56,1,24,104,3,50
228,"[15, 53, 44, 21]",1.061017608936922,32,4,15,112,2,53,96,1,44,48,2,21
500,"[36, 36, 57, 22]",1.0612111959928348,80,1,36,80,1,36,120,2,57,48,3,22
710,"[25, 56, 30, 24]",1.0612393374796267,56,2,25,120,1,56,64,3,30,56,1,24
349,"[36, 45, 17, 5]",1.0612821681999867,80,1,36,96,2,45,40,2,17,16,2,5
52,"[33, 36, 10, 25]",1.061589831923261,72,2,33,80,1,36,24,3,10,56,2,25
525,"[40, 32, 49, 15]",1.061921454506156,88,1,40,72,1,32,104,2,49,32,4,15
694,"[2, 46, 54, 31]",1.0625186761220295,8,3,2,96,3,46,112,3,54,64,4,31
813,"[48, 19, 13, 13]",1.062526927318102,104,1,48,40,4,19,32,2,13,32,2,13
268,"[26, 3, 56, 39]",1.0626105040679743,56,3,26,8,4,3,120,1,56,80,4,39
154,"[15, 46, 0, 7]",1.0626152562506406,32,4,15,96,3,46,8,1,0,16,4,7
593,"[29, 19, 10, 48]",1.0626568713305908,64,2,29,40,4,19,24,3,10,104,1,48
781,"[26, 4, 52, 43]",1.0628137625293967,56,3,26,16,1,4,112,1,52,88,4,43
392,"[29, 4, 26, 45]",1.062987545390188,64,2,29,16,1,4,56,3,26,96,2,45
74,"[21, 44, 36, 38]",1.0632632242308722,48,2,21,96,1,44,80,1,36,80,3,38
345,"[22, 3, 46, 25]",1.0634321261335302,48,3,22,8,4,3,96,3,46,56,2,25
561,"[29, 0, 50, 15]",1.0635521912280423,64,2,29,8,1,0,104,3,50,32,4,15
790,"[44, 34, 33, 40]",1.0635586977005005,96,1,44,72,3,34,72,2,33,88,1,40
27,"[29, 20, 17, 25]",1.0640128196021656,64,2,29,48,1,20,40,2,17,56,2,25
300,"[40, 30, 49, 32]",1.0645331107539895,88,1,40,64,3,30,104,2,49,72,1,32
81,"[29, 32, 50, 0]",1.0645662553516435,64,2,29,72,1,32,104,3,50,8,1,0
129,"[19, 28, 58, 8]",1.0647086964713202,40,4,19,64,1,28,120,3,58,24,1,8
517,"[32, 39, 7, 52]",1.064713798923257,72,1,32,80,4,39,16,4,7,112,1,52
900,"[52, 8, 51, 34]",1.0647268030378554,112,1,52,24,1,8,104,4,51,72,3,34
911,"[13, 50, 1, 17]",1.065032621960581,32,2,13,104,3,50,8,2,1,40,2,17
728,"[33, 3, 57, 18]",1.065270028732441,72,2,33,8,4,3,120,2,57,40,3,18
600,"[22, 9, 24, 26]",1.0652919522038213,48,3,22,24,2,9,56,1,24,56,3,26
572,"[9, 54, 16, 21]",1.0654320120811462,24,2,9,112,3,54,40,1,16,48,2,21
136,"[21, 18, 57, 52]",1.06556839707457,48,2,21,40,3,18,120,2,57,112,1,52
875,"[25, 52, 48, 19]",1.0668470756507213,56,2,25,112,1,52,104,1,48,40,4,19
229,"[29, 33, 25, 8]",1.0669864136495708,64,2,29,72,2,33,56,2,25,24,1,8
771,"[24, 50, 44, 5]",1.0671563383973675,56,1,24,104,3,50,96,1,44,16,2,5
103,"[22, 18, 29, 44]",1.0673564444353552,48,3,22,40,3,18,64,2,29,96,1,44
845,"[11, 38, 6, 3]",1.0676215423478022,24,4,11,80,3,38,16,3,6,8,4,3
213,"[14, 49, 5, 17]",1.0676430463790894,32,3,14,104,2,49,16,2,5,40,2,17
226,"[22, 4, 18, 15]",1.0676476418236156,48,3,22,16,1,4,40,3,18,32,4,15
865,"[25, 44, 34, 4]",1.0682408000216073,56,2,25,96,1,44,72,3,34,16,1,4
322,"[25, 38, 9, 12]",1.0683423589777064,56,2,25,80,3,38,24,2,9,32,1,12
259,"[44, 27, 28, 9]",1.0686267555495839,96,1,44,56,4,27,64,1,28,24,2,9
793,"[44, 44, 49, 11]",1.0690172322002458,96,1,44,96,1,44,104,2,49,24,4,11
363,"[24, 45, 40, 57]",1.0694616584130276,56,1,24,96,2,45,88,1,40,120,2,57
249,"[52, 7, 27, 58]",1.0695451888037317,112,1,52,16,4,7,56,4,27,120,3,58
34,"[6, 43, 40, 33]",1.0696478493419694,16,3,6,88,4,43,88,1,40,72,2,33
823,"[44, 48, 51, 32]",1.0697097093970687,96,1,44,104,1,48,104,4,51,72,1,32
609,"[44, 16, 37, 34]",1.0697234464280398,96,1,44,40,1,16,80,2,37,72,3,34
950,"[48, 6, 55, 14]",1.0702153436931563,104,1,48,16,3,6,112,4,55,32,3,14
183,"[48, 7, 22, 51]",1.0707197226124046,104,1,48,16,4,7,48,3,22,104,4,51
777,"[12, 57, 58, 48]",1.0707241517526132,32,1,12,120,2,57,120,3,58,104,1,48
907,"[5, 50, 28, 14]",1.0708795807979725,16,2,5,104,3,50,64,1,28,32,3,14
165,"[56, 18, 32, 37]",1.0708975563814611,120,1,56,40,3,18,72,1,32,80,2,37
501,"[5, 46, 27, 20]",1.0709405901991291,16,2,5,96,3,46,56,4,27,48,1,20
192,"[48, 27, 37, 36]",1.0709728238023357,104,1,48,56,4,27,80,2,37,80,1,36
945,"[3, 58, 30, 47]",1.0711539770350045,8,4,3,120,3,58,64,3,30,96,4,47
903,"[25, 20, 36, 34]",1.0714332203806183,56,2,25,48,1,20,80,1,36,72,3,34
807,"[21, 19, 45, 8]",1.0717861380106137,48,2,21,40,4,19,96,2,45,24,1,8
819,"[21, 42, 21, 0]",1.0718674998224518,48,2,21,88,3,42,48,2,21,8,1,0
127,"[16, 57, 3, 35]",1.0725976589285298,40,1,16,120,2,57,8,4,3,72,4,35
348,"[19, 14, 18, 32]",1.0726713920816964,40,4,19,32,3,14,40,3,18,72,1,32
608,"[29, 3, 45, 15]",1.072897359912778,64,2,29,8,4,3,96,2,45,32,4,15
351,"[56, 8, 31, 35]",1.0732512326888095,120,1,56,24,1,8,64,4,31,72,4,35
496,"[36, 37, 13, 3]",1.074217524057553,80,1,36,80,2,37,32,2,13,8,4,3
840,"[14, 23, 57, 40]",1.0749972389068132,32,3,14,48,4,23,120,2,57,88,1,40
740,"[18, 56, 5, 19]",1.076027931254587,40,3,18,120,1,56,16,2,5,40,4,19
482,"[5, 57, 40, 27]",1.0762875926347426,16,2,5,120,2,57,88,1,40,56,4,27
53,"[4, 54, 49, 6]",1.0766138419692899,16,1,4,112,3,54,104,2,49,16,3,6
239,"[25, 12, 50, 52]",1.076798658312103,56,2,25,32,1,12,104,3,50,112,1,52
535,"[25, 29, 32, 3]",1.0770274135801527,56,2,25,64,2,29,72,1,32,8,4,3
366,"[4, 39, 43, 52]",1.077033821447396,16,1,4,80,4,39,88,4,43,112,1,52
437,"[25, 28, 23, 20]",1.077676844449691,56,2,25,64,1,28,48,4,23,48,1,20
383,"[56, 10, 12, 51]",1.0782863821512387,120,1,56,24,3,10,32,1,12,104,4,51
815,"[6, 57, 55, 0]",1.0787059252644762,16,3,6,120,2,57,112,4,55,8,1,0
661,"[40, 41, 45, 20]",1.0788792070047355,88,1,40,88,2,41,96,2,45,48,1,20
909,"[48, 11, 7, 55]",1.078924627215774,104,1,48,24,4,11,16,4,7,112,4,55
423,"[36, 27, 25, 36]",1.0792699971316773,80,1,36,56,4,27,56,2,25,80,1,36
371,"[25, 28, 28, 26]",1.0794926683108013,56,2,25,64,1,28,64,1,28,56,3,26
975,"[18, 52, 24, 26]",1.0796317840799874,40,3,18,112,1,52,56,1,24,56,3,26
169,"[19, 23, 11, 0]",1.0797402255329085,40,4,19,48,4,23,24,4,11,8,1,0
862,"[9, 50, 1, 6]",1.0806531074606343,24,2,9,104,3,50,8,2,1,16,3,6
898,"[11, 53, 28, 37]",1.0808466805352106,24,4,11,112,2,53,64,1,28,80,2,37
395,"[48, 27, 25, 16]",1.0810066329108343,104,1,48,56,4,27,56,2,25,40,1,16
921,"[32, 27, 20, 3]",1.0810830019138478,72,1,32,56,4,27,48,1,20,8,4,3
538,"[40, 25, 3, 26]",1.081228928801454,88,1,40,56,2,25,8,4,3,56,3,26
210,"[48, 29, 15, 28]",1.08152648622607,104,1,48,64,2,29,32,4,15,64,1,28
597,"[23, 6, 44, 18]",1.081648576406785,48,4,23,16,3,6,96,1,44,40,3,18
109,"[1, 53, 50, 55]",1.0816971622867348,8,2,1,112,2,53,104,3,50,112,4,55
630,"[1, 43, 30, 27]",1.0817316704326205,8,2,1,88,4,43,64,3,30,56,4,27
447,"[23, 7, 41, 5]",1.0818801301497,48,4,23,16,4,7,88,2,41,16,2,5
281,"[52, 18, 10, 3]",1.0825885696175657,112,1,52,40,3,18,24,3,10,8,4,3
137,"[44, 12, 33, 27]",1.0835290396655048,96,1,44,32,1,12,72,2,33,56,4,27
368,"[2, 47, 22, 27]",1.0839800356346885,8,3,2,96,4,47,48,3,22,56,4,27
670,"[1, 35, 55, 46]",1.0843820380575864,8,2,1,72,4,35,112,4,55,96,3,46
519,"[44, 13, 22, 9]",1.0846486945211151,96,1,44,32,2,13,48,3,22,24,2,9
990,"[9, 57, 7, 25]",1.084894792533215,24,2,9,120,2,57,16,4,7,56,2,25
693,"[44, 37, 7, 5]",1.0853903911731861,96,1,44,80,2,37,16,4,7,16,2,5
633,"[22, 12, 21, 17]",1.0854583102979778,48,3,22,32,1,12,48,2,21,40,2,17
279,"[32, 6, 59, 10]",1.0856408933062611,72,1,32,16,3,6,120,4,59,24,3,10
124,"[36, 44, 13, 42]",1.086079994837443,80,1,36,96,1,44,32,2,13,88,3,42
773,"[8, 53, 35, 12]",1.0862662645033847,24,1,8,112,2,53,72,4,35,32,1,12
800,"[13, 47, 6, 4]",1.0865045572504586,32,2,13,96,4,47,16,3,6,16,1,4
797,"[26, 28, 0, 47]",1.0868481588952335,56,3,26,64,1,28,8,1,0,96,4,47
712,"[3, 31, 59, 58]",1.0870550841460993,8,4,3,64,4,31,120,4,59,120,3,58
301,"[15, 0, 59, 10]",1.087093855863736,32,4,15,8,1,0,120,4,59,24,3,10
12,"[18, 48, 10, 6]",1.0871809956468181,40,3,18,104,1,48,24,3,10,16,3,6
179,"[24, 31, 57, 4]",1.0874547914222434,56,1,24,64,4,31,120,2,57,16,1,4
86,"[17, 49, 44, 2]",1.0876237573447052,40,2,17,104,2,49,96,1,44,8,3,2
963,"[19, 44, 19, 20]",1.087869746449553,40,4,19,96,1,44,40,4,19,48,1,20
170,"[3, 46, 51, 49]",1.0879848628868292,8,4,3,96,3,46,104,4,51,104,2,49
422,"[10, 57, 28, 7]",1.0887560564794658,24,3,10,120,2,57,64,1,28,16,4,7
636,"[19, 48, 7, 21]",1.089217413354803,40,4,19,104,1,48,16,4,7,48,2,21
480,"[15, 44, 30, 52]",1.08926436636183,32,4,15,96,1,44,64,3,30,112,1,52
674,"[3, 49, 58, 58]",1.0893015810001043,8,4,3,104,2,49,120,3,58,120,3,58
382,"[44, 4, 55, 50]",1.0899017497345254,96,1,44,16,1,4,112,4,55,104,3,50
28,"[32, 49, 1, 41]",1.090419343960138,72,1,32,104,2,49,8,2,1,88,2,41
246,"[33, 3, 36, 34]",1.0905976427925959,72,2,33,8,4,3,80,1,36,72,3,34
190,"[26, 13, 5, 5]",1.0906448901435475,56,3,26,32,2,13,16,2,5,16,2,5
245,"[40, 28, 23, 21]",1.0906540339375719,88,1,40,64,1,28,48,4,23,48,2,21
19,"[19, 17, 3, 7]",1.0906542120156464,40,4,19,40,2,17,8,4,3,16,4,7
520,"[18, 40, 52, 14]",1.0907259576114607,40,3,18,88,1,40,112,1,52,32,3,14
491,"[23, 9, 2, 15]",1.0910339686605666,48,4,23,24,2,9,8,3,2,32,4,15
340,"[18, 33, 21, 20]",1.0910918808277743,40,3,18,72,2,33,48,2,21,48,1,20
31,"[29, 44, 32, 53]",1.0915768058211714,64,2,29,96,1,44,72,1,32,112,2,53
905,"[44, 27, 14, 0]",1.0921818407965296,96,1,44,56,4,27,32,3,14,8,1,0
212,"[12, 47, 21, 24]",1.0926583335723405,32,1,12,96,4,47,48,2,21,56,1,24
452,"[3, 47, 39, 10]",1.09303961933395,8,4,3,96,4,47,80,4,39,24,3,10
107,"[1, 46, 43, 33]",1.0932585839872007,8,2,1,96,3,46,88,4,43,72,2,33
373,"[48, 21, 15, 44]",1.0938476441818992,104,1,48,48,2,21,32,4,15,96,1,44
656,"[33, 10, 53, 8]",1.0938658824673406,72,2,33,24,3,10,112,2,53,24,1,8
88,"[14, 31, 6, 12]",1.0938676595687866,32,3,14,64,4,31,16,3,6,32,1,12
364,"[32, 56, 9, 43]",1.0942319889127472,72,1,32,120,1,56,24,2,9,88,4,43
37,"[29, 48, 14, 32]",1.0960000135280468,64,2,29,104,1,48,32,3,14,72,1,32
329,"[52, 36, 11, 30]",1.0960190450703655,112,1,52,80,1,36,24,4,11,64,3,30
847,"[32, 56, 39, 8]",1.0964464964690033,72,1,32,120,1,56,80,4,39,24,1,8
416,"[3, 43, 38, 14]",1.0966390113771698,8,4,3,88,4,43,80,3,38,32,3,14
489,"[44, 24, 13, 38]",1.096705346931646,96,1,44,56,1,24,32,2,13,80,3,38
276,"[52, 6, 29, 38]",1.0967140602476804,112,1,52,16,3,6,64,2,29,80,3,38
933,"[56, 17, 7, 57]",1.0968987191164936,120,1,56,40,2,17,16,4,7,120,2,57
791,"[7, 47, 45, 40]",1.097358727896655,16,4,7,96,4,47,96,2,45,88,1,40
570,"[29, 24, 36, 11]",1.0974933402037914,64,2,29,56,1,24,80,1,36,24,4,11
937,"[19, 3, 41, 37]",1.0976072284910414,40,4,19,8,4,3,88,2,41,80,2,37
684,"[48, 14, 19, 8]",1.098478242938901,104,1,48,32,3,14,40,4,19,24,1,8
547,"[22, 16, 5, 14]",1.0985271989563365,48,3,22,40,1,16,16,2,5,32,3,14
310,"[37, 2, 6, 38]",1.0989640090200636,80,2,37,8,3,2,16,3,6,80,3,38
120,"[52, 17, 11, 5]",1.0990073239361797,112,1,52,40,2,17,24,4,11,16,2,5
338,"[4, 51, 32, 7]",1.099145832621021,16,1,4,104,4,51,72,1,32,16,4,7
486,"[13, 49, 6, 1]",1.0993919666902519,32,2,13,104,2,49,16,3,6,8,2,1
359,"[56, 13, 30, 52]",1.0997813402870555,120,1,56,32,2,13,64,3,30,112,1,52
271,"[0, 54, 33, 43]",1.1001914518850822,8,1,0,112,3,54,72,2,33,88,4,43
199,"[1, 50, 52, 59]",1.1004317071702745,8,2,1,104,3,50,112,1,52,120,4,59
139,"[22, 1, 52, 42]",1.1005224688553517,48,3,22,8,2,1,112,1,52,88,3,42
736,"[48, 36, 25, 10]",1.1005884386875011,104,1,48,80,1,36,56,2,25,24,3,10
695,"[1, 50, 52, 55]",1.100764924361382,8,2,1,104,3,50,112,1,52,112,4,55
965,"[22, 8, 3, 35]",1.1008817376913849,48,3,22,24,1,8,8,4,3,72,4,35
565,"[26, 28, 3, 57]",1.101704716682434,56,3,26,64,1,28,8,4,3,120,2,57
488,"[52, 44, 27, 56]",1.1021166061177665,112,1,52,96,1,44,56,4,27,120,1,56
118,"[16, 39, 13, 44]",1.1023735367221597,40,1,16,80,4,39,32,2,13,96,1,44
533,"[1, 43, 37, 38]",1.1026253987241674,8,2,1,88,4,43,80,2,37,80,3,38
942,"[3, 35, 58, 18]",1.1030721576125533,8,4,3,72,4,35,120,3,58,40,3,18
352,"[52, 11, 34, 32]",1.103301645796976,112,1,52,24,4,11,72,3,34,72,1,32
140,"[19, 25, 24, 2]",1.1036266206223289,40,4,19,56,2,25,56,1,24,8,3,2
144,"[44, 40, 32, 39]",1.1037246415644517,96,1,44,88,1,40,72,1,32,80,4,39
10,"[32, 56, 40, 59]",1.104338350855274,72,1,32,120,1,56,88,1,40,120,4,59
313,"[32, 37, 29, 24]",1.1044146352344089,72,1,32,80,2,37,64,2,29,56,1,24
478,"[0, 38, 50, 46]",1.1045421560605366,8,1,0,80,3,38,104,3,50,96,3,46
191,"[22, 2, 33, 6]",1.1046319096176713,48,3,22,8,3,2,72,2,33,16,3,6
980,"[48, 28, 33, 17]",1.104639059231605,104,1,48,64,1,28,72,2,33,40,2,17
449,"[3, 43, 27, 33]",1.1046508491775135,8,4,3,88,4,43,56,4,27,72,2,33
726,"[11, 42, 6, 52]",1.1046573652161493,24,4,11,88,3,42,16,3,6,112,1,52
7,"[19, 4, 32, 58]",1.1053684280242448,40,4,19,16,1,4,72,1,32,120,3,58
233,"[23, 1, 17, 41]",1.105512848606816,48,4,23,8,2,1,40,2,17,88,2,41
473,"[29, 1, 20, 55]",1.10615258599505,64,2,29,8,2,1,48,1,20,112,4,55
928,"[5, 50, 2, 7]",1.1065380610065696,16,2,5,104,3,50,8,3,2,16,4,7
749,"[56, 28, 19, 13]",1.106808798548616,120,1,56,64,1,28,40,4,19,32,2,13
786,"[22, 22, 3, 28]",1.107618138378049,48,3,22,48,3,22,8,4,3,64,1,28
317,"[23, 3, 6, 27]",1.1077028579182095,48,4,23,8,4,3,16,3,6,56,4,27
305,"[2, 43, 10, 50]",1.1077826508769282,8,3,2,88,4,43,24,3,10,104,3,50
61,"[23, 20, 14, 36]",1.1080706561053242,48,4,23,48,1,20,32,3,14,80,1,36
622,"[17, 50, 36, 20]",1.1085822883947396,40,2,17,104,3,50,80,1,36,48,1,20
653,"[11, 34, 29, 8]",1.108616985656597,24,4,11,72,3,34,64,2,29,24,1,8
426,"[21, 48, 48, 41]",1.1087607976831035,48,2,21,104,1,48,104,1,48,88,2,41
639,"[0, 57, 39, 59]",1.1088513577425922,8,1,0,120,2,57,80,4,39,120,4,59
135,"[2, 58, 16, 39]",1.108983220141611,8,3,2,120,3,58,40,1,16,80,4,39
330,"[52, 48, 5, 35]",1.1091032837644035,112,1,52,104,1,48,16,2,5,72,4,35
222,"[56, 9, 26, 5]",1.1091911873699707,120,1,56,24,2,9,56,3,26,16,2,5
468,"[10, 45, 37, 12]",1.1094406401669537,24,3,10,96,2,45,80,2,37,32,1,12
569,"[29, 33, 5, 28]",1.1095153196358387,64,2,29,72,2,33,16,2,5,64,1,28
24,"[13, 43, 44, 36]",1.109621602811931,32,2,13,88,4,43,96,1,44,80,1,36
341,"[4, 51, 3, 14]",1.1099081959253476,16,1,4,104,4,51,8,4,3,32,3,14
3,"[4, 50, 23, 8]",1.1107221363503257,16,1,4,104,3,50,48,4,23,24,1,8
440,"[3, 39, 14, 23]",1.111100940056789,8,4,3,80,4,39,32,3,14,48,4,23
404,"[44, 29, 25, 24]",1.111122057761675,96,1,44,64,2,29,56,2,25,56,1,24
357,"[22, 24, 33, 44]",1.1112095021907193,48,3,22,56,1,24,72,2,33,96,1,44
50,"[3, 51, 24, 46]",1.111513125307766,8,4,3,104,4,51,56,1,24,96,3,46
821,"[13, 53, 14, 0]",1.1116510806260285,32,2,13,112,2,53,32,3,14,8,1,0
347,"[29, 5, 9, 21]",1.1122599339779513,64,2,29,16,2,5,24,2,9,48,2,21
947,"[19, 10, 2, 37]",1.1124102142122057,40,4,19,24,3,10,8,3,2,80,2,37
637,"[19, 6, 36, 57]",1.1125768651196986,40,4,19,16,3,6,80,1,36,120,2,57
198,"[29, 5, 36, 49]",1.1126365043498851,64,2,29,16,2,5,80,1,36,104,2,49
288,"[4, 39, 23, 8]",1.112788095150465,16,1,4,80,4,39,48,4,23,24,1,8
250,"[13, 43, 32, 32]",1.113068597552217,32,2,13,88,4,43,72,1,32,72,1,32
514,"[19, 52, 41, 20]",1.1142621400915547,40,4,19,112,1,52,88,2,41,48,1,20
993,"[48, 40, 15, 6]",1.114493109561779,104,1,48,88,1,40,32,4,15,16,3,6
553,"[15, 33, 7, 40]",1.1148816597314528,32,4,15,72,2,33,16,4,7,88,1,40
273,"[52, 21, 8, 45]",1.1151191003528642,112,1,52,48,2,21,24,1,8,96,2,45
931,"[44, 1, 54, 46]",1.1153548499684276,96,1,44,8,2,1,112,3,54,96,3,46
803,"[25, 44, 33, 52]",1.1153678231769137,56,2,25,96,1,44,72,2,33,112,1,52
445,"[16, 52, 55, 44]",1.1156018258612832,40,1,16,112,1,52,112,4,55,96,1,44
719,"[56, 3, 53, 51]",1.1157859718358074,120,1,56,8,4,3,112,2,53,104,4,51
623,"[15, 35, 56, 28]",1.1162416993835826,32,4,15,72,4,35,120,1,56,64,1,28
168,"[11, 57, 4, 33]",1.1171240747710804,24,4,11,120,2,57,16,1,4,72,2,33
610,"[18, 19, 6, 4]",1.1171569596102209,40,3,18,40,4,19,16,3,6,16,1,4
320,"[40, 15, 45, 20]",1.1172226593818193,88,1,40,32,4,15,96,2,45,48,1,20
180,"[52, 22, 6, 56]",1.1172874054791015,112,1,52,48,3,22,16,3,6,120,1,56
202,"[36, 44, 58, 4]",1.1174347908408553,80,1,36,96,1,44,120,3,58,16,1,4
469,"[15, 1, 51, 48]",1.1176642311943903,32,4,15,8,2,1,104,4,51,104,1,48
396,"[9, 57, 8, 10]",1.1176747885751135,24,2,9,120,2,57,24,1,8,24,3,10
343,"[28, 45, 7, 32]",1.1176863805747326,64,1,28,96,2,45,16,4,7,72,1,32
643,"[56, 17, 53, 44]",1.1181581903387,120,1,56,40,2,17,112,2,53,96,1,44
732,"[1, 57, 51, 25]",1.1188146236502094,8,2,1,120,2,57,104,4,51,56,2,25
232,"[48, 28, 45, 3]",1.118946534615976,104,1,48,64,1,28,96,2,45,8,4,3
513,"[0, 51, 21, 50]",1.1190824876596899,8,1,0,104,4,51,48,2,21,104,3,50
986,"[0, 46, 33, 46]",1.119376137668704,8,1,0,96,3,46,72,2,33,96,3,46
873,"[19, 10, 41, 8]",1.1194700466261969,40,4,19,24,3,10,88,2,41,24,1,8
377,"[56, 3, 30, 46]",1.1195564836631586,120,1,56,8,4,3,64,3,30,96,3,46
973,"[6, 43, 0, 21]",1.120090045310833,16,3,6,88,4,43,8,1,0,48,2,21
882,"[48, 48, 28, 38]",1.1201117384580919,104,1,48,104,1,48,64,1,28,80,3,38
375,"[25, 24, 41, 32]",1.120181252926956,56,2,25,56,1,24,88,2,41,72,1,32
433,"[29, 1, 33, 9]",1.1205566709424242,64,2,29,8,2,1,72,2,33,24,2,9
2,"[40, 25, 1, 21]",1.1212752520302196,88,1,40,56,2,25,8,2,1,48,2,21
148,"[48, 16, 10, 27]",1.1221299642398033,104,1,48,40,1,16,24,3,10,56,4,27
296,"[1, 57, 47, 21]",1.1222234699461195,8,2,1,120,2,57,96,4,47,48,2,21
680,"[28, 31, 3, 56]",1.1227981455532121,64,1,28,64,4,31,8,4,3,120,1,56
490,"[40, 8, 43, 5]",1.122828162746665,88,1,40,24,1,8,88,4,43,16,2,5
55,"[2, 47, 25, 57]",1.1233269601692388,8,3,2,96,4,47,56,2,25,120,2,57
285,"[33, 8, 18, 12]",1.123834373038492,72,2,33,24,1,8,40,3,18,32,1,12
236,"[5, 46, 25, 48]",1.1240306974929055,16,2,5,96,3,46,56,2,25,104,1,48
982,"[7, 53, 44, 25]",1.1240336298942566,16,4,7,112,2,53,96,1,44,56,2,25
920,"[40, 17, 41, 32]",1.1240507231818304,88,1,40,40,2,17,88,2,41,72,1,32
251,"[24, 43, 32, 12]",1.1242907967096494,56,1,24,88,4,43,72,1,32,32,1,12
123,"[8, 57, 21, 9]",1.1244868408014745,24,1,8,120,2,57,48,2,21,24,2,9
521,"[1, 58, 37, 11]",1.1247005102075176,8,2,1,120,3,58,80,2,37,24,4,11
5,"[15, 40, 40, 57]",1.1254082380989452,32,4,15,88,1,40,88,1,40,120,2,57
576,"[52, 7, 44, 54]",1.1256645402790588,112,1,52,16,4,7,96,1,44,112,3,54
866,"[21, 53, 3, 48]",1.1258132185465024,48,2,21,112,2,53,8,4,3,104,1,48
970,"[0, 46, 42, 57]",1.1263784817707392,8,1,0,96,3,46,88,3,42,120,2,57
295,"[40, 52, 10, 14]",1.1265017647802094,88,1,40,112,1,52,24,3,10,32,3,14
9,"[4, 57, 53, 3]",1.12696487005846,16,1,4,120,2,57,112,2,53,8,4,3
635,"[16, 47, 52, 48]",1.1270463400416904,40,1,16,96,4,47,112,1,52,104,1,48
493,"[15, 48, 52, 10]",1.1272516324196333,32,4,15,104,1,48,112,1,52,24,3,10
716,"[48, 9, 23, 36]",1.1277990480999889,104,1,48,24,2,9,48,4,23,80,1,36
4,"[40, 25, 24, 9]",1.1281860566433566,88,1,40,56,2,25,56,1,24,24,2,9
962,"[52, 16, 11, 26]",1.1290250714914298,112,1,52,40,1,16,24,4,11,56,3,26
655,"[26, 3, 7, 25]",1.1291213094452281,56,3,26,8,4,3,16,4,7,56,2,25
211,"[28, 53, 13, 12]",1.129351595301687,64,1,28,112,2,53,32,2,13,32,1,12
660,"[56, 10, 1, 34]",1.1294551837591478,120,1,56,24,3,10,8,2,1,72,3,34
527,"[48, 32, 21, 6]",1.1296053227083183,104,1,48,72,1,32,48,2,21,16,3,6
193,"[23, 4, 44, 14]",1.1298115768550354,48,4,23,16,1,4,96,1,44,32,3,14
987,"[0, 54, 29, 19]",1.1299186900809959,8,1,0,112,3,54,64,2,29,40,4,19
256,"[52, 7, 28, 58]",1.1313335829310947,112,1,52,16,4,7,64,1,28,120,3,58
269,"[22, 41, 56, 24]",1.1316609978675842,48,3,22,88,2,41,120,1,56,56,1,24
13,"[44, 5, 55, 12]",1.1316727076047732,96,1,44,16,2,5,112,4,55,32,1,12
435,"[22, 28, 0, 22]",1.1317183868384655,48,3,22,64,1,28,8,1,0,48,3,22
381,"[44, 13, 18, 32]",1.1319751997052887,96,1,44,32,2,13,40,3,18,72,1,32
812,"[19, 16, 41, 16]",1.1322969845783564,40,4,19,40,1,16,88,2,41,40,1,16
678,"[36, 26, 17, 0]",1.132570649370735,80,1,36,56,3,26,40,2,17,8,1,0
483,"[56, 5, 39, 40]",1.1327035537472478,120,1,56,16,2,5,80,4,39,88,1,40
161,"[52, 6, 18, 25]",1.1331214419117681,112,1,52,16,3,6,40,3,18,56,2,25
556,"[56, 21, 10, 48]",1.133338722181909,120,1,56,48,2,21,24,3,10,104,1,48
84,"[22, 0, 17, 37]",1.1337222022774778,48,3,22,8,1,0,40,2,17,80,2,37
401,"[40, 44, 26, 36]",1.134060017120691,88,1,40,96,1,44,56,3,26,80,1,36
36,"[14, 42, 12, 56]",1.134580116213104,32,3,14,88,3,42,32,1,12,120,1,56
798,"[19, 20, 52, 6]",1.134931727691933,40,4,19,48,1,20,112,1,52,16,3,6
641,"[44, 5, 39, 44]",1.1358846300913963,96,1,44,16,2,5,80,4,39,96,1,44
713,"[15, 52, 41, 24]",1.1360512243376837,32,4,15,112,1,52,88,2,41,56,1,24
997,"[56, 2, 30, 15]",1.1363127268390891,120,1,56,8,3,2,64,3,30,32,4,15
510,"[48, 27, 32, 32]",1.1363304441357835,104,1,48,56,4,27,72,1,32,72,1,32
385,"[56, 5, 29, 41]",1.1363488818392342,120,1,56,16,2,5,64,2,29,88,2,41
355,"[48, 16, 34, 56]",1.1381855349481842,104,1,48,40,1,16,72,3,34,120,1,56
336,"[22, 44, 7, 24]",1.1382505297660828,48,3,22,96,1,44,16,4,7,56,1,24
438,"[4, 50, 57, 28]",1.138967278562946,16,1,4,104,3,50,120,2,57,64,1,28
379,"[48, 13, 24, 25]",1.1390378342734442,104,1,48,32,2,13,56,1,24,56,2,25
96,"[1, 42, 51, 16]",1.13918556475345,8,2,1,88,3,42,104,4,51,40,1,16
826,"[19, 44, 10, 24]",1.1394055390063627,40,4,19,96,1,44,24,3,10,56,1,24
930,"[19, 3, 0, 39]",1.1394082484421906,40,4,19,8,4,3,8,1,0,80,4,39
291,"[40, 16, 38, 32]",1.1395381306424552,88,1,40,40,1,16,80,3,38,72,1,32
258,"[8, 46, 17, 24]",1.1420554629078619,24,1,8,96,3,46,40,2,17,56,1,24
833,"[15, 34, 20, 32]",1.1425982478224201,32,4,15,72,3,34,48,1,20,72,1,32
742,"[56, 24, 16, 58]",1.1438292603433868,120,1,56,56,1,24,40,1,16,120,3,58
834,"[23, 0, 19, 36]",1.1445173643253468,48,4,23,8,1,0,40,4,19,80,1,36
477,"[26, 25, 1, 40]",1.1447414498270294,56,3,26,56,2,25,8,2,1,88,1,40
195,"[26, 8, 25, 16]",1.145391861597697,56,3,26,24,1,8,56,2,25,40,1,16
839,"[3, 43, 29, 17]",1.1460131502445834,8,4,3,88,4,43,64,2,29,40,2,17
344,"[7, 42, 32, 1]",1.1460456590593597,16,4,7,88,3,42,72,1,32,8,2,1
704,"[2, 58, 27, 56]",1.1462810252919609,8,3,2,120,3,58,56,4,27,120,1,56
818,"[33, 4, 48, 33]",1.1465203408841733,72,2,33,16,1,4,104,1,48,72,2,33
59,"[52, 9, 48, 45]",1.1466015680336659,112,1,52,24,2,9,104,1,48,96,2,45
817,"[25, 34, 0, 56]",1.148155712051156,56,2,25,72,3,34,8,1,0,120,1,56
153,"[48, 1, 42, 25]",1.1481770034189578,104,1,48,8,2,1,88,3,42,56,2,25
394,"[16, 46, 44, 20]",1.1483463799511944,40,1,16,96,3,46,96,1,44,48,1,20
507,"[48, 7, 42, 8]",1.1491011484169666,104,1,48,16,4,7,88,3,42,24,1,8
747,"[18, 19, 1, 24]",1.149674794556182,40,3,18,40,4,19,8,2,1,56,1,24
122,"[37, 4, 6, 10]",1.1497492694560392,80,2,37,16,1,4,16,3,6,24,3,10
215,"[19, 8, 53, 28]",1.1498683838196744,40,4,19,24,1,8,112,2,53,64,1,28
924,"[52, 11, 57, 12]",1.150408431335732,112,1,52,24,4,11,120,2,57,32,1,12
454,"[37, 2, 12, 33]",1.1504284584963764,80,2,37,8,3,2,32,1,12,72,2,33
843,"[36, 30, 1, 40]",1.1512197778548723,80,1,36,64,3,30,8,2,1,88,1,40
943,"[48, 6, 8, 35]",1.1514472048959614,104,1,48,16,3,6,24,1,8,72,4,35
247,"[22, 25, 56, 24]",1.1517023473610113,48,3,22,56,2,25,120,1,56,56,1,24
495,"[10, 38, 36, 32]",1.1523490761533195,24,3,10,80,3,38,80,1,36,72,1,32
940,"[19, 15, 40, 32]",1.1524011691411336,40,4,19,32,4,15,88,1,40,72,1,32
723,"[17, 45, 56, 48]",1.1527450570353754,40,2,17,96,2,45,120,1,56,104,1,48
890,"[48, 14, 0, 21]",1.1528423987788918,104,1,48,32,3,14,8,1,0,48,2,21
264,"[25, 52, 48, 5]",1.153129878603382,56,2,25,112,1,52,104,1,48,16,2,5
463,"[0, 47, 36, 19]",1.1533869644741954,8,1,0,96,4,47,80,1,36,40,4,19
277,"[7, 53, 4, 57]",1.1535462074809604,16,4,7,112,2,53,16,1,4,120,2,57
648,"[2, 42, 50, 12]",1.1540251344810297,8,3,2,88,3,42,104,3,50,32,1,12
365,"[29, 1, 2, 34]",1.1542907725145788,64,2,29,8,2,1,8,3,2,72,3,34
700,"[23, 2, 1, 37]",1.154783112767302,48,4,23,8,3,2,8,2,1,80,2,37
594,"[19, 5, 37, 8]",1.1569001534838734,40,4,19,16,2,5,80,2,37,24,1,8
315,"[22, 12, 8, 41]",1.1570864231498152,48,3,22,32,1,12,24,1,8,88,2,41
227,"[22, 15, 12, 20]",1.1572251496491608,48,3,22,32,4,15,32,1,12,48,1,20
874,"[56, 0, 38, 38]",1.1573643338533095,120,1,56,8,1,0,80,3,38,80,3,38
864,"[18, 36, 44, 3]",1.1573976116415896,40,3,18,80,1,36,96,1,44,8,4,3
38,"[33, 12, 1, 17]",1.1578099779140802,72,2,33,32,1,12,8,2,1,40,2,17
739,"[48, 33, 5, 24]",1.1588332211529766,104,1,48,72,2,33,16,2,5,56,1,24
262,"[52, 8, 56, 59]",1.1589944222827016,112,1,52,24,1,8,120,1,56,120,4,59
77,"[15, 19, 52, 20]",1.1598426361142853,32,4,15,40,4,19,112,1,52,48,1,20
509,"[29, 52, 9, 28]",1.1609424580762415,64,2,29,112,1,52,24,2,9,64,1,28
795,"[24, 46, 4, 36]",1.1620811076811801,56,1,24,96,3,46,16,1,4,80,1,36
171,"[0, 47, 45, 21]",1.1622738676306643,8,1,0,96,4,47,96,2,45,48,2,21
727,"[2, 54, 6, 7]",1.1626368216526362,8,3,2,112,3,54,16,3,6,16,4,7
398,"[48, 36, 40, 45]",1.1627220187658145,104,1,48,80,1,36,88,1,40,96,2,45
788,"[9, 42, 28, 12]",1.163444741272632,24,2,9,88,3,42,64,1,28,32,1,12
424,"[19, 12, 2, 7]",1.1637304108819844,40,4,19,32,1,12,8,3,2,16,4,7
830,"[3, 54, 56, 41]",1.1637953762654905,8,4,3,112,3,54,120,1,56,88,2,41
810,"[18, 38, 0, 12]",1.1644472810957167,40,3,18,80,3,38,8,1,0,32,1,12
647,"[52, 24, 18, 36]",1.1658081066461257,112,1,52,56,1,24,40,3,18,80,1,36
178,"[19, 1, 56, 11]",1.1659069156941073,40,4,19,8,2,1,120,1,56,24,4,11
744,"[0, 43, 14, 33]",1.1662067807750938,8,1,0,88,4,43,32,3,14,72,2,33
724,"[21, 37, 16, 16]",1.166462723855619,48,2,21,80,2,37,40,1,16,40,1,16
523,"[1, 50, 40, 53]",1.1670424430458635,8,2,1,104,3,50,88,1,40,112,2,53
225,"[44, 56, 5, 41]",1.1674108762799957,96,1,44,120,1,56,16,2,5,88,2,41
949,"[21, 37, 20, 12]",1.1676182864624778,48,2,21,80,2,37,48,1,20,32,1,12
659,"[22, 25, 32, 8]",1.1680740427087855,48,3,22,56,2,25,72,1,32,24,1,8
393,"[25, 21, 36, 40]",1.169146763689724,56,2,25,48,2,21,80,1,36,88,1,40
17,"[52, 22, 1, 44]",1.1698842497519504,112,1,52,48,3,22,8,2,1,96,1,44
214,"[33, 2, 6, 2]",1.1699495528951103,72,2,33,8,3,2,16,3,6,8,3,2
411,"[0, 43, 31, 52]",1.1713269227816734,8,1,0,88,4,43,64,4,31,112,1,52
895,"[52, 2, 59, 56]",1.1714658913788971,112,1,52,8,3,2,120,4,59,120,1,56
590,"[26, 32, 24, 1]",1.1717736882927976,56,3,26,72,1,32,56,1,24,8,2,1
858,"[1, 46, 23, 40]",1.172171934887215,8,2,1,96,3,46,48,4,23,88,1,40
72,"[6, 43, 20, 36]",1.1722124601587838,16,3,6,88,4,43,48,1,20,80,1,36
681,"[40, 28, 57, 40]",1.1731268307309093,88,1,40,64,1,28,120,2,57,88,1,40
78,"[25, 52, 2, 2]",1.1733942841306144,56,2,25,112,1,52,8,3,2,8,3,2
804,"[19, 5, 24, 9]",1.1747565004560683,40,4,19,16,2,5,56,1,24,24,2,9
6,"[52, 1, 22, 33]",1.1761880303606576,112,1,52,8,2,1,48,3,22,72,2,33
925,"[48, 1, 23, 13]",1.1767899165918798,104,1,48,8,2,1,48,4,23,32,2,13
22,"[29, 24, 0, 33]",1.1770842693470143,64,2,29,56,1,24,8,1,0,72,2,33
62,"[1, 50, 0, 27]",1.1773041273340767,8,2,1,104,3,50,8,1,0,56,4,27
532,"[5, 43, 1, 40]",1.1781791507461925,16,2,5,88,4,43,8,2,1,88,1,40
390,"[40, 0, 47, 13]",1.1782479492234594,88,1,40,8,1,0,96,4,47,32,2,13
922,"[1, 43, 12, 7]",1.1786550173053034,8,2,1,88,4,43,32,1,12,16,4,7
687,"[56, 18, 32, 48]",1.179265057599103,120,1,56,40,3,18,72,1,32,104,1,48
335,"[52, 13, 20, 3]",1.1793278006859769,112,1,52,32,2,13,48,1,20,8,4,3
956,"[0, 43, 53, 3]",1.1794052874600445,8,1,0,88,4,43,112,2,53,8,4,3
730,"[14, 34, 20, 0]",1.1799455756022605,32,3,14,72,3,34,48,1,20,8,1,0
427,"[52, 36, 29, 16]",1.180874972431748,112,1,52,80,1,36,64,2,29,40,1,16
850,"[36, 41, 1, 48]",1.1829998404891402,80,1,36,88,2,41,8,2,1,104,1,48
434,"[48, 2, 35, 20]",1.1836214624805215,104,1,48,8,3,2,72,4,35,48,1,20
787,"[52, 5, 5, 22]",1.1836946739090815,112,1,52,16,2,5,16,2,5,48,3,22
113,"[22, 17, 12, 32]",1.1840437172371665,48,3,22,40,2,17,32,1,12,72,1,32
65,"[19, 0, 40, 53]",1.1842947241700725,40,4,19,8,1,0,88,1,40,112,2,53
149,"[52, 16, 48, 49]",1.1853443752100439,112,1,52,40,1,16,104,1,48,104,2,49
108,"[3, 47, 3, 57]",1.185407105051441,8,4,3,96,4,47,8,4,3,120,2,57
152,"[22, 3, 32, 3]",1.1884155913635537,48,3,22,8,4,3,72,1,32,8,4,3
70,"[8, 39, 16, 36]",1.189260482788086,24,1,8,80,4,39,40,1,16,80,1,36
42,"[56, 16, 52, 49]",1.1894136880650932,120,1,56,40,1,16,112,1,52,104,2,49
546,"[48, 7, 53, 52]",1.1921611200144262,104,1,48,16,4,7,112,2,53,112,1,52
196,"[23, 44, 3, 16]",1.192822089165817,48,4,23,96,1,44,8,4,3,40,1,16
729,"[33, 0, 33, 28]",1.1943113502161002,72,2,33,8,1,0,72,2,33,64,1,28
465,"[11, 45, 56, 20]",1.1953396870766158,24,4,11,96,2,45,120,1,56,48,1,20
701,"[48, 7, 0, 19]",1.1955765301798598,104,1,48,16,4,7,8,1,0,40,4,19
400,"[25, 25, 12, 4]",1.1958491655043613,56,2,25,56,2,25,32,1,12,16,1,4
562,"[20, 45, 52, 52]",1.197007179260254,48,1,20,96,2,45,112,1,52,112,1,52
372,"[52, 6, 53, 12]",1.2025291397247786,112,1,52,16,3,6,112,2,53,32,1,12
825,"[2, 57, 42, 0]",1.2041014212149161,8,3,2,120,2,57,88,3,42,8,1,0
334,"[52, 2, 38, 24]",1.204337356267152,112,1,52,8,3,2,80,3,38,56,1,24
201,"[3, 54, 53, 20]",1.2043901225666942,8,4,3,112,3,54,112,2,53,48,1,20
910,"[36, 26, 0, 52]",1.2056722471743455,80,1,36,56,3,26,8,1,0,112,1,52
460,"[40, 25, 1, 56]",1.2058580370596896,88,1,40,56,2,25,8,2,1,120,1,56
241,"[56, 1, 53, 5]",1.2067904693109017,120,1,56,8,2,1,112,2,53,16,2,5
751,"[56, 3, 58, 40]",1.2076024714811349,120,1,56,8,4,3,120,3,58,88,1,40
989,"[48, 20, 44, 17]",1.208123203412986,104,1,48,48,1,20,96,1,44,40,2,17
896,"[56, 12, 37, 24]",1.2106852972948994,120,1,56,32,1,12,80,2,37,56,1,24
849,"[48, 5, 48, 7]",1.2118336904196092,104,1,48,16,2,5,104,1,48,16,4,7
579,"[33, 1, 9, 28]",1.2131730634489177,72,2,33,8,2,1,24,2,9,64,1,28
822,"[52, 40, 13, 24]",1.2133149320696608,112,1,52,88,1,40,32,2,13,56,1,24
926,"[23, 32, 36, 48]",1.2166955728589752,48,4,23,72,1,32,80,1,36,104,1,48
325,"[22, 44, 52, 36]",1.2168116201589136,48,3,22,96,1,44,112,1,52,80,1,36
854,"[40, 23, 0, 4]",1.2175571800749978,88,1,40,48,4,23,8,1,0,16,1,4
756,"[52, 1, 30, 52]",1.218172839394322,112,1,52,8,2,1,64,3,30,112,1,52
528,"[25, 9, 56, 52]",1.2224944314838928,56,2,25,24,2,9,120,1,56,112,1,52
665,"[23, 9, 16, 44]",1.222785113034425,48,4,23,24,2,9,40,1,16,96,1,44
916,"[48, 0, 25, 53]",1.2234666178255906,104,1,48,8,1,0,56,2,25,112,2,53
218,"[23, 32, 24, 40]",1.225865611323604,48,4,23,72,1,32,56,1,24,88,1,40
230,"[23, 2, 12, 1]",1.2265882779050756,48,4,23,8,3,2,32,1,12,8,2,1
711,"[37, 0, 44, 5]",1.226969649762283,80,2,37,8,1,0,96,1,44,16,2,5
725,"[0, 43, 3, 25]",1.2274096313818001,8,1,0,88,4,43,8,4,3,56,2,25
119,"[37, 3, 3, 12]",1.2295854032775502,80,2,37,8,4,3,8,4,3,32,1,12
550,"[52, 1, 8, 35]",1.2303269063984905,112,1,52,8,2,1,24,1,8,72,4,35
919,"[48, 0, 40, 51]",1.2304237639462505,104,1,48,8,1,0,88,1,40,104,4,51
82,"[48, 11, 52, 44]",1.233024811303174,104,1,48,24,4,11,112,1,52,96,1,44
939,"[4, 43, 52, 0]",1.2351903988991255,16,1,4,88,4,43,112,1,52,8,1,0
835,"[19, 1, 6, 36]",1.235409293645694,40,4,19,8,2,1,16,3,6,80,1,36
598,"[22, 13, 0, 52]",1.240910130518454,48,3,22,32,2,13,8,1,0,112,1,52
885,"[0, 54, 25, 36]",1.2418382322346722,8,1,0,112,3,54,56,2,25,80,1,36
718,"[56, 11, 32, 28]",1.2423114548494787,120,1,56,24,4,11,72,1,32,64,1,28
367,"[25, 40, 1, 12]",1.2434842130284252,56,2,25,88,1,40,8,2,1,32,1,12
697,"[37, 5, 16, 48]",1.2452362135604575,80,2,37,16,2,5,40,1,16,104,1,48
969,"[52, 20, 36, 5]",1.245747360918257,112,1,52,48,1,20,80,1,36,16,2,5
272,"[40, 44, 0, 41]",1.2467399423505052,88,1,40,96,1,44,8,1,0,88,2,41
571,"[19, 5, 56, 28]",1.248489832436597,40,4,19,16,2,5,120,1,56,64,1,28
780,"[52, 2, 29, 56]",1.260035730438468,112,1,52,8,3,2,64,2,29,120,1,56
175,"[6, 57, 8, 56]",1.2643563982881145,16,3,6,120,2,57,24,1,8,120,1,56
860,"[56, 11, 4, 12]",1.2719823453161452,120,1,56,24,4,11,16,1,4,32,1,12
964,"[22, 1, 48, 48]",1.2729856342445185,48,3,22,8,2,1,104,1,48,104,1,48
869,"[29, 32, 24, 0]",1.2802194423145719,64,2,29,72,1,32,56,1,24,8,1,0
252,"[1, 51, 32, 4]",1.2806140022513308,8,2,1,104,4,51,72,1,32,16,1,4
808,"[3, 58, 3, 28]",1.2836663009207925,8,4,3,120,3,58,8,4,3,64,1,28
743,"[29, 24, 24, 0]",1.2870019276936848,64,2,29,56,1,24,56,1,24,8,1,0
539,"[52, 44, 56, 52]",1.2952630836286663,112,1,52,96,1,44,120,1,56,112,1,52
257,"[23, 16, 0, 28]",1.298699551894341,48,4,23,40,1,16,8,1,0,64,1,28
988,"[36, 44, 44, 52]",1.308514200610879,80,1,36,96,1,44,96,1,44,112,1,52
566,"[56, 13, 0, 52]",1.3117615779240925,120,1,56,32,2,13,8,1,0,112,1,52
114,"[22, 4, 12, 32]",1.3117715973912933,48,3,22,16,1,4,32,1,12,72,1,32
552,"[56, 4, 32, 9]",1.3133813319382843,120,1,56,16,1,4,72,1,32,24,2,9
784,"[56, 12, 28, 36]",1.3584213514386871,120,1,56,32,1,12,64,1,28,80,1,36
838,"[56, 36, 4, 20]",1.3616475308382954,120,1,56,80,1,36,16,1,4,48,1,20
588,"[23, 0, 0, 16]",1.3658489305296062,48,4,23,8,1,0,8,1,0,40,1,16
642,"[52, 3, 4, 48]",1.394134177101983,112,1,52,8,4,3,16,1,4,104,1,48
